tournament,round,date,home_team,away_team,predicted_score,actual_score,predicted_outcome,actual_outcome,exact_correct,toto_correct,scorito_match_points,max_exact_points,home_xg,away_xg,model_home_score,model_away_score,actual_home_score,actual_away_score,model_predicted_score,model_predicted_outcome,model_exact_correct,model_toto_correct,model_scorito_points,odds_source,odds_event_id,odds_date,odds_home_team,odds_away_team,odds_swapped,home_odds,draw_odds,away_odds,bookmakers_count,odds_date_diff_days,has_market_odds,market_home_implied,market_draw_implied,market_away_implied,market_overround,market_home_score,market_away_score,market_favorite_outcome,market_predicted_score,market_predicted_outcome,market_exact_correct,market_toto_correct,market_scorito_points,common_home_score,common_away_score,common_predicted_score,common_predicted_outcome,common_exact_correct,common_toto_correct,common_scorito_points
FIFA World Cup 2010,Round of 16,2010-06-26,Uruguay,South Korea,1-0,2-1,home_win,home_win,False,True,90,135,1.709,0.926,1,0,2,1,1-0,home_win,False,True,90,oddsportal,339494.0,2010-06-26,Uruguay,South Korea,False,1.82,3.33,4.83,,0.0,True,0.5199239698594801,0.2841626501934696,0.19591337994705046,1.0567901872249696,1,0,home_win,1-0,home_win,False,True,90,1,0,1-0,home_win,False,True,90
FIFA World Cup 2010,Round of 16,2010-06-26,United States,Ghana,1-0,1-2,home_win,away_win,False,False,0,135,1.176,0.909,1,0,1,2,1-0,home_win,False,False,0,oddsportal,339691.0,2010-06-26,United States,Ghana,False,2.38,3.1,3.23,,0.0,True,0.39926789587852496,0.3065347071583514,0.29419739696312364,1.0523462356079953,1,0,home_win,1-0,home_win,False,False,0,1,0,1-0,home_win,False,False,0
FIFA World Cup 2010,Round of 16,2010-06-27,Germany,England,1-0,4-1,home_win,home_win,False,True,90,135,1.292,0.642,1,0,4,1,1-0,home_win,False,True,90,oddsportal,339692.0,2010-06-27,Germany,England,False,3.02,3.03,2.61,,0.0,True,0.31707903821403227,0.3160325727413787,0.36688838904458904,1.0443005935670069,0,1,away_win,0-1,away_win,False,False,0,1,0,1-0,home_win,False,True,90
FIFA World Cup 2010,Round of 16,2010-06-27,Argentina,Mexico,1-0,3-1,home_win,home_win,False,True,90,135,1.759,0.726,1,0,3,1,1-0,home_win,False,True,90,oddsportal,339495.0,2010-06-27,Argentina,Mexico,False,1.59,3.75,6.53,,0.0,True,0.599703179069716,0.25427414792555963,0.14602267300472413,1.048736841091431,1,0,home_win,1-0,home_win,False,True,90,1,0,1-0,home_win,False,True,90
FIFA World Cup 2010,Round of 16,2010-06-28,Netherlands,Slovakia,1-0,2-1,home_win,home_win,False,True,90,135,1.759,0.876,1,0,2,1,1-0,home_win,False,True,90,oddsportal,354406.0,2010-06-28,Netherlands,Slovakia,False,1.39,4.44,9.13,,0.0,True,0.6824501889746546,0.21364994654837155,0.10389986447697369,1.0541787108485559,1,0,home_win,1-0,home_win,False,True,90,1,0,1-0,home_win,False,True,90
FIFA World Cup 2010,Round of 16,2010-06-28,Brazil,Chile,1-0,3-0,home_win,home_win,False,True,90,135,1.359,0.926,1,0,3,0,1-0,home_win,False,True,90,oddsportal,354512.0,2010-06-28,Brazil,Chile,False,1.51,4.02,7.05,,0.0,True,0.6290074506122286,0.23626896776727993,0.13472358162049153,1.0528518461658174,1,0,home_win,1-0,home_win,False,True,90,1,0,1-0,home_win,False,True,90
FIFA World Cup 2010,Round of 16,2010-06-29,Paraguay,Japan,0-1,0-0,away_win,draw,False,False,0,135,0.992,1.042,0,1,0,0,0-1,away_win,False,False,0,oddsportal,354407.0,2010-06-29,Paraguay,Japan,False,2.16,3.12,3.67,,0.0,True,0.4384304355816945,0.30352876309501925,0.25804080132328616,1.055955347508481,1,0,home_win,1-0,home_win,False,False,0,1,0,1-0,home_win,False,False,0
FIFA World Cup 2010,Round of 16,2010-06-29,Spain,Portugal,0-1,1-0,away_win,home_win,False,False,0,135,0.776,1.759,0,1,1,0,0-1,away_win,False,False,0,oddsportal,354513.0,2010-06-29,Spain,Portugal,False,1.97,3.22,4.2,,0.0,True,0.48057310581563106,0.2940152231232277,0.22541167106114124,1.0562684575043877,1,0,home_win,1-0,home_win,True,True,135,1,0,1-0,home_win,True,True,135
FIFA World Cup 2010,Quarter-finals,2010-07-02,Netherlands,Brazil,1-1,2-1,draw,home_win,False,False,0,180,1.326,1.159,1,1,2,1,1-1,draw,False,False,0,oddsportal,354749.0,2010-07-02,Netherlands,Brazil,False,4.1,3.28,2.02,,0.0,True,0.23366107576633893,0.29207634470792365,0.4742625795257374,1.0438299927553731,0,1,away_win,0-1,away_win,False,False,0,1,0,1-0,home_win,False,True,120
FIFA World Cup 2010,Quarter-finals,2010-07-02,Uruguay,Ghana,1-0,1-1,home_win,draw,False,False,0,180,1.276,0.509,1,0,1,1,1-0,home_win,False,False,0,oddsportal,354615.0,2010-07-02,Uruguay,Ghana,False,1.89,3.32,4.55,,0.0,True,0.5038642041607323,0.28683835718788675,0.20929743865138106,1.0500855681578574,1,0,home_win,1-0,home_win,False,False,0,1,0,1-0,home_win,False,False,0
FIFA World Cup 2010,Quarter-finals,2010-07-03,Argentina,Germany,1-1,0-4,draw,away_win,False,False,0,180,1.559,1.126,1,1,0,4,1-1,draw,False,False,0,oddsportal,354683.0,2010-07-03,Argentina,Germany,False,2.29,3.27,3.23,,0.0,True,0.4150610482137454,0.29066966373378494,0.29426928805246966,1.0520891434807547,1,0,home_win,1-0,home_win,False,False,0,1,0,1-0,home_win,False,False,0
FIFA World Cup 2010,Quarter-finals,2010-07-03,Paraguay,Spain,0-1,0-1,away_win,away_win,True,True,180,180,0.992,1.042,0,1,0,1,0-1,away_win,True,True,180,oddsportal,354836.0,2010-07-03,Paraguay,Spain,False,9.25,4.37,1.41,,0.0,True,0.10333793418049296,0.21873590186946448,0.6779261639500425,1.0461609182092166,0,1,away_win,0-1,away_win,True,True,180,1,0,1-0,home_win,False,False,0
FIFA World Cup 2010,Semi-finals,2010-07-06,Uruguay,Netherlands,1-1,2-3,draw,away_win,False,False,0,225,1.042,1.092,1,1,2,3,1-1,draw,False,False,0,oddsportal,355512.0,2010-07-06,Uruguay,Netherlands,False,5.6,3.47,1.71,,0.0,True,0.16981715257128305,0.2740564998268545,0.5561263476018625,1.0515511882492012,0,1,away_win,0-1,away_win,False,True,150,1,0,1-0,home_win,False,False,0
FIFA World Cup 2010,Semi-finals,2010-07-07,Germany,Spain,1-0,0-1,home_win,away_win,False,False,0,225,1.359,0.976,1,0,0,1,1-0,home_win,False,False,0,oddsportal,355650.0,2010-07-07,Germany,Spain,False,2.81,3.35,2.54,,0.0,True,0.33954644671367407,0.2848135866463952,0.3756399666399307,1.0480801362091383,0,1,away_win,0-1,away_win,True,True,225,1,0,1-0,home_win,False,False,0
FIFA World Cup 2010,Match for third place,2010-07-10,Uruguay,Germany,1-1,2-3,draw,away_win,False,False,0,270,1.042,1.092,1,1,2,3,1-1,draw,False,False,0,oddsportal,361373.0,2010-07-10,Uruguay,Germany,False,3.85,3.6,1.91,,0.0,True,0.24478897808789762,0.261788212677335,0.4934228092347675,1.0610782469421212,0,1,away_win,0-1,away_win,False,True,180,1,0,1-0,home_win,False,False,0
FIFA World Cup 2010,Final,2010-07-11,Netherlands,Spain,1-0,0-1,home_win,away_win,False,False,0,270,1.359,0.976,1,0,0,1,1-0,home_win,False,False,0,oddsportal,361372.0,2010-07-11,Netherlands,Spain,False,3.92,3.38,2.02,,0.0,True,0.2438811813284945,0.28284444698452615,0.47327437168697944,1.046009533932502,0,1,away_win,0-1,away_win,True,True,270,1,0,1-0,home_win,False,False,0
FIFA World Cup 2014,Round of 16,2014-06-28,Brazil,Chile,1-1,1-1,draw,draw,True,True,135,135,1.804,1.204,1,1,1,1,1-1,draw,True,True,135,oddsportal,1994908.0,2014-06-28,Brazil,Chile,False,1.52,4.52,6.35,,0.0,True,0.6346573973341824,0.2134246114929109,0.15191799117290664,1.0366139898558326,1,0,home_win,1-0,home_win,False,False,0,1,0,1-0,home_win,False,False,0
FIFA World Cup 2014,Round of 16,2014-06-28,Colombia,Uruguay,2-0,2-0,home_win,home_win,True,True,135,135,2.337,0.92,2,0,2,0,2-0,home_win,True,True,135,oddsportal,1997347.0,2014-06-28,Colombia,Uruguay,False,2.13,3.37,3.72,,0.0,True,0.4535912381820748,0.2866911980201244,0.25971756379780087,1.035036677420703,1,0,home_win,1-0,home_win,False,True,90,1,0,1-0,home_win,False,True,90
FIFA World Cup 2014,Round of 16,2014-06-29,Netherlands,Mexico,2-1,2-1,home_win,home_win,True,True,135,135,2.087,1.12,2,1,2,1,2-1,home_win,True,True,135,oddsportal,1994909.0,2014-06-29,Netherlands,Mexico,False,2.17,3.3,3.67,,0.0,True,0.4446704533354874,0.29240451022363867,0.262925036440874,1.0363393601505582,1,0,home_win,1-0,home_win,False,True,90,1,0,1-0,home_win,False,True,90
FIFA World Cup 2014,Round of 16,2014-06-29,Costa Rica,Greece,1-0,1-1,home_win,draw,False,False,0,135,1.52,0.587,1,0,1,1,1-0,home_win,False,False,0,oddsportal,1997348.0,2014-06-29,Costa Rica,Greece,False,2.75,3.07,2.87,,0.0,True,0.35039111743862816,0.31386826480658875,0.33574061775478303,1.037801318408294,1,0,home_win,1-0,home_win,False,False,0,1,0,1-0,home_win,False,False,0
FIFA World Cup 2014,Round of 16,2014-06-30,France,Nigeria,2-0,2-0,home_win,home_win,True,True,135,135,2.054,0.804,2,0,2,0,2-0,home_win,True,True,135,oddsportal,2000133.0,2014-06-30,France,Nigeria,False,1.4,4.75,9.07,,0.0,True,0.6900873771634057,0.20339417432184587,0.10651844851474838,1.0350656133166434,1,0,home_win,1-0,home_win,False,True,90,1,0,1-0,home_win,False,True,90
FIFA World Cup 2014,Round of 16,2014-06-30,Germany,Algeria,2-1,2-1,home_win,home_win,True,True,135,135,2.037,1.32,2,1,2,1,2-1,home_win,True,True,135,oddsportal,2001838.0,2014-06-30,Germany,Algeria,False,1.32,5.58,10.0,,0.0,True,0.7306954964015211,0.1728526980734781,0.0964518055250008,1.0367872271098078,1,0,home_win,1-0,home_win,False,True,90,1,0,1-0,home_win,False,True,90
FIFA World Cup 2014,Round of 16,2014-07-01,Argentina,Switzerland,1-1,1-0,draw,home_win,False,False,0,135,1.92,1.637,1,1,1,0,1-1,draw,False,False,0,oddsportal,2000134.0,2014-07-01,Argentina,Switzerland,False,1.58,4.1,6.32,,0.0,True,0.6114839671886652,0.23564504101416855,0.1528709917971663,1.0350416795307193,1,0,home_win,1-0,home_win,True,True,135,1,0,1-0,home_win,True,True,135
FIFA World Cup 2014,Round of 16,2014-07-01,Belgium,United States,1-0,2-1,home_win,home_win,False,True,90,135,1.454,0.954,1,0,2,1,1-0,home_win,False,True,90,oddsportal,2001839.0,2014-07-01,Belgium,United States,False,1.98,3.38,4.23,,0.0,True,0.48688243226676475,0.28521515262964325,0.227902415103592,1.0373151126015283,1,0,home_win,1-0,home_win,False,True,90,1,0,1-0,home_win,False,True,90
FIFA World Cup 2014,Quarter-finals,2014-07-04,France,Germany,1-1,0-1,draw,away_win,False,False,0,180,1.787,1.57,1,1,0,1,1-1,draw,False,False,0,oddsportal,2006184.0,2014-07-04,France,Germany,False,2.78,3.13,2.8,,0.0,True,0.34709735676887377,0.30828455329631593,0.34461808993481036,1.0363439052500583,1,0,home_win,1-0,home_win,False,False,0,1,0,1-0,home_win,False,False,0
FIFA World Cup 2014,Quarter-finals,2014-07-04,Brazil,Colombia,1-1,2-1,draw,home_win,False,False,0,180,1.537,1.97,1,1,2,1,1-1,draw,False,False,0,oddsportal,2004049.0,2014-07-04,Brazil,Colombia,False,1.76,3.85,4.85,,0.0,True,0.5494416572260884,0.2511733290176404,0.19938501375627127,1.0341076449323872,1,0,home_win,1-0,home_win,False,True,120,1,0,1-0,home_win,False,True,120
FIFA World Cup 2014,Quarter-finals,2014-07-05,Argentina,Belgium,1-1,1-0,draw,home_win,False,False,0,180,1.354,1.254,1,1,1,0,1-1,draw,False,False,0,oddsportal,2009914.0,2014-07-05,Argentina,Belgium,False,1.97,3.38,4.31,,0.0,True,0.4902160708817482,0.28571765078019057,0.22406627833806128,1.0354907628485688,1,0,home_win,1-0,home_win,True,True,180,1,0,1-0,home_win,True,True,180
FIFA World Cup 2014,Quarter-finals,2014-07-05,Netherlands,Costa Rica,2-1,0-0,home_win,draw,False,False,0,180,2.087,1.12,2,1,0,0,2-1,home_win,False,False,0,oddsportal,2004192.0,2014-07-05,Netherlands,Costa Rica,False,1.52,4.13,7.32,,0.0,True,0.6346429980938626,0.23357320995222058,0.1317837919539168,1.0366375093053557,1,0,home_win,1-0,home_win,False,False,0,1,0,1-0,home_win,False,False,0
FIFA World Cup 2014,Semi-finals,2014-07-08,Brazil,Germany,1-1,1-7,draw,away_win,False,False,0,225,1.604,1.604,1,1,1,7,1-1,draw,False,False,0,oddsportal,2015899.0,2014-07-08,Brazil,Germany,False,2.59,3.2,2.98,,0.0,True,0.3733429383530001,0.3021744407294595,0.3244826209175404,1.034170855899044,1,0,home_win,1-0,home_win,False,False,0,1,0,1-0,home_win,False,False,0
FIFA World Cup 2014,Semi-finals,2014-07-09,Netherlands,Argentina,2-1,0-0,home_win,draw,False,False,0,225,2.287,1.42,2,1,0,0,2-1,home_win,False,False,0,oddsportal,2016147.0,2014-07-09,Netherlands,Argentina,False,3.05,3.23,2.52,,0.0,True,0.31699841493003494,0.29933286858718466,0.38366871648278034,1.0342917725042275,0,1,away_win,0-1,away_win,False,False,0,1,0,1-0,home_win,False,False,0
FIFA World Cup 2014,Match for third place,2014-07-12,Brazil,Netherlands,1-2,0-3,away_win,away_win,False,True,180,270,1.637,2.12,1,2,0,3,1-2,away_win,False,True,180,oddsportal,2021887.0,2014-07-12,Brazil,Netherlands,False,2.14,3.72,3.45,,0.0,True,0.4554649404850627,0.2620147775908694,0.2825202819240679,1.0259619963910116,1,0,home_win,1-0,home_win,False,False,0,1,0,1-0,home_win,False,False,0
FIFA World Cup 2014,Final,2014-07-13,Germany,Argentina,1-1,1-0,draw,home_win,False,False,0,270,1.77,1.387,1,1,1,0,1-1,draw,False,False,0,oddsportal,2021886.0,2014-07-13,Germany,Argentina,False,2.42,3.25,3.28,,0.0,True,0.4028326770612109,0.2999554087655786,0.29721191417321047,1.0257934969686633,1,0,home_win,1-0,home_win,True,True,270,1,0,1-0,home_win,True,True,270
FIFA World Cup 2018,Round of 16,2018-06-30,France,Argentina,1-0,4-3,home_win,home_win,False,True,90,135,1.421,0.754,1,0,4,3,1-0,home_win,False,True,90,oddsportal,3285271.0,2018-06-30,France,Argentina,False,2.4,3.06,3.36,,0.0,True,0.40022421524663676,0.3139013452914798,0.2858744394618834,1.0410830999066294,1,0,home_win,1-0,home_win,False,True,90,1,0,1-0,home_win,False,True,90
FIFA World Cup 2018,Round of 16,2018-06-30,Uruguay,Portugal,1-0,2-1,home_win,home_win,False,True,90,135,1.621,0.954,1,0,2,1,1-0,home_win,False,True,90,oddsportal,3283094.0,2018-06-30,Uruguay,Portugal,False,3.07,2.93,2.67,,0.0,True,0.3127351079947712,0.32767808243820734,0.35958680956702155,1.0415616625564388,0,1,away_win,0-1,away_win,False,False,0,1,0,1-0,home_win,False,True,90
FIFA World Cup 2018,Round of 16,2018-07-01,Spain,Russia,1-2,1-1,away_win,draw,False,False,0,135,1.538,2.138,1,2,1,1,1-2,away_win,False,False,0,oddsportal,3283095.0,2018-07-01,Spain,Russia,False,1.54,4.15,6.65,,0.0,True,0.6239613832396929,0.23154229643111493,0.14449632032919205,1.0406904446219603,1,0,home_win,1-0,home_win,False,False,0,1,0,1-0,home_win,False,False,0
FIFA World Cup 2018,Round of 16,2018-07-01,Croatia,Denmark,1-0,1-1,home_win,draw,False,False,0,135,1.654,0.571,1,0,1,1,1-0,home_win,False,False,0,oddsportal,3285272.0,2018-07-01,Croatia,Denmark,False,1.92,3.2,4.8,,0.0,True,0.5,0.3,0.19999999999999998,1.0416666666666667,1,0,home_win,1-0,home_win,False,False,0,1,0,1-0,home_win,False,False,0
FIFA World Cup 2018,Round of 16,2018-07-02,Brazil,Mexico,1-0,2-0,home_win,home_win,False,True,90,135,1.654,0.721,1,0,2,0,1-0,home_win,False,True,90,oddsportal,3286459.0,2018-07-02,Brazil,Mexico,False,1.47,4.36,7.62,,0.0,True,0.653565147598645,0.22035338691972664,0.12608146548162838,1.0408635028092,1,0,home_win,1-0,home_win,False,True,90,1,0,1-0,home_win,False,True,90
FIFA World Cup 2018,Round of 16,2018-07-02,Belgium,Japan,2-0,3-2,home_win,home_win,False,True,90,135,2.321,0.904,2,0,3,2,2-0,home_win,False,True,90,oddsportal,3289197.0,2018-07-02,Belgium,Japan,False,1.39,4.7,9.2,,0.0,True,0.6911654225475936,0.20440849730662872,0.10442608014577773,1.0408860700523763,1,0,home_win,1-0,home_win,False,True,90,1,0,1-0,home_win,False,True,90
FIFA World Cup 2018,Round of 16,2018-07-03,Sweden,Switzerland,1-1,1-0,draw,home_win,False,False,0,135,1.554,1.221,1,1,1,0,1-1,draw,False,False,0,oddsportal,3286460.0,2018-07-03,Sweden,Switzerland,False,3.32,2.92,2.5,,0.0,True,0.2886014295654374,0.32813587197166166,0.38326269846290084,1.043670572701766,0,1,away_win,0-1,away_win,False,False,0,1,0,1-0,home_win,True,True,135
FIFA World Cup 2018,Round of 16,2018-07-03,Colombia,England,1-1,1-1,draw,draw,True,True,135,135,1.321,1.804,1,1,1,1,1-1,draw,True,True,135,oddsportal,3289198.0,2018-07-03,Colombia,England,False,4.13,3.05,2.12,,0.0,True,0.2324385921396501,0.3147447165694279,0.4528166912909221,1.0416977162718903,0,1,away_win,0-1,away_win,False,False,0,1,0,1-0,home_win,False,False,0
FIFA World Cup 2018,Quarter-finals,2018-07-06,Uruguay,France,1-0,0-2,home_win,away_win,False,False,0,180,1.288,0.688,1,0,0,2,1-0,home_win,False,False,0,oddsportal,3292305.0,2018-07-06,Uruguay,France,False,4.93,3.07,1.95,,0.0,True,0.19477730672748747,0.31278570754609547,0.49243698572641703,1.0413931684356064,0,1,away_win,0-1,away_win,False,True,120,1,0,1-0,home_win,False,False,0
FIFA World Cup 2018,Quarter-finals,2018-07-06,Brazil,Belgium,1-1,1-2,draw,away_win,False,False,0,180,1.188,1.888,1,1,1,2,1-1,draw,False,False,0,oddsportal,3293858.0,2018-07-06,Brazil,Belgium,False,2.05,3.43,3.82,,0.0,True,0.46853399415700286,0.2800276058372757,0.25143840000572143,1.0411301722651956,1,0,home_win,1-0,home_win,False,False,0,1,0,1-0,home_win,False,False,0
FIFA World Cup 2018,Quarter-finals,2018-07-07,Sweden,England,1-1,0-2,draw,away_win,False,False,0,180,1.321,1.804,1,1,0,2,1-1,draw,False,False,0,oddsportal,3295155.0,2018-07-07,Sweden,England,False,5.26,3.32,1.79,,0.0,True,0.18106479309231174,0.28686771435709635,0.532067492550592,1.049978105595268,0,1,away_win,0-1,away_win,False,True,120,1,0,1-0,home_win,False,False,0
FIFA World Cup 2018,Quarter-finals,2018-07-07,Russia,Croatia,1-1,2-2,draw,draw,False,True,120,180,1.571,1.854,1,1,2,2,1-1,draw,False,True,120,oddsportal,3292612.0,2018-07-07,Russia,Croatia,False,3.96,3.14,2.12,,0.0,True,0.24218522614820423,0.3054310495372257,0.45238372431457013,1.0426947033124174,0,1,away_win,0-1,away_win,False,False,0,1,0,1-0,home_win,False,False,0
FIFA World Cup 2018,Semi-finals,2018-07-10,France,Belgium,0-1,1-0,away_win,home_win,False,False,0,225,0.821,1.954,0,1,1,0,0-1,away_win,False,False,0,oddsportal,3304133.0,2018-07-10,France,Belgium,False,2.57,3.1,3.02,,0.0,True,0.37313075917482386,0.3093374358320314,0.3175318049931448,1.0428115313416186,1,0,home_win,1-0,home_win,True,True,225,1,0,1-0,home_win,True,True,225
FIFA World Cup 2018,Semi-finals,2018-07-11,Croatia,England,1-1,2-1,draw,home_win,False,False,0,225,1.721,1.604,1,1,2,1,1-1,draw,False,False,0,oddsportal,3304709.0,2018-07-11,Croatia,England,False,4.01,2.95,2.21,,0.0,True,0.23958972625141947,0.32567959398921764,0.4347306797593629,1.0408482972337543,0,1,away_win,0-1,away_win,False,False,0,1,0,1-0,home_win,False,True,150
FIFA World Cup 2018,Final,2018-07-15,France,Croatia,0-1,4-2,away_win,home_win,False,False,0,270,0.754,1.621,0,1,4,2,0-1,away_win,False,False,0,oddsportal,3315246.0,2018-07-15,France,Croatia,False,2.05,2.98,4.63,,0.0,True,0.46933284350242704,0.32286319771140115,0.20780395878617178,1.0393580692297277,1,0,home_win,1-0,home_win,False,True,180,1,0,1-0,home_win,False,True,180
FIFA World Cup 2022,Round of 16,2022-12-03,Netherlands,United States,1-0,3-1,home_win,home_win,False,True,90,135,1.282,0.632,1,0,3,1,1-0,home_win,False,True,90,oddsportal,6377884.0,2022-12-03,Netherlands,United States,False,1.92,3.39,4.48,,0.0,True,0.5012674271229404,0.2839036755386565,0.214828897338403,1.0390328697850824,1,0,home_win,1-0,home_win,False,True,90,1,0,1-0,home_win,False,True,90
FIFA World Cup 2022,Round of 16,2022-12-03,Argentina,Australia,1-0,2-1,home_win,home_win,False,True,90,135,1.615,0.849,1,0,2,1,1-0,home_win,False,True,90,oddsportal,6379570.0,2022-12-03,Argentina,Australia,False,1.29,6.19,9.79,,0.0,True,0.7461752425373364,0.15550340272587465,0.09832135473678898,1.03888973294477,1,0,home_win,1-0,home_win,False,True,90,1,0,1-0,home_win,False,True,90
FIFA World Cup 2022,Round of 16,2022-12-04,France,Poland,1-0,3-1,home_win,home_win,False,True,90,135,1.532,0.832,1,0,3,1,1-0,home_win,False,True,90,oddsportal,6379571.0,2022-12-04,France,Poland,False,1.39,4.91,8.88,,0.0,True,0.6946242486326828,0.19664515388990406,0.10873059747741316,1.035703060824308,1,0,home_win,1-0,home_win,False,True,90,1,0,1-0,home_win,False,True,90
FIFA World Cup 2022,Round of 16,2022-12-04,England,Senegal,2-1,3-0,home_win,home_win,False,True,90,135,2.282,1.082,2,1,3,0,2-1,home_win,False,True,90,oddsportal,6377881.0,2022-12-04,England,Senegal,False,1.62,3.73,6.68,,0.0,True,0.5963629052718247,0.2590101626113555,0.1446269321168198,1.0350810641649875,1,0,home_win,1-0,home_win,False,True,90,1,0,1-0,home_win,False,True,90
FIFA World Cup 2022,Round of 16,2022-12-05,Japan,Croatia,0-1,1-1,away_win,draw,False,False,0,135,0.965,1.299,0,1,1,1,0-1,away_win,False,False,0,oddsportal,6381883.0,2022-12-05,Japan,Croatia,False,3.86,3.28,2.1,,0.0,True,0.24907068573990776,0.2931136728524524,0.4578156414076399,1.0401358824839173,0,1,away_win,0-1,away_win,False,False,0,1,0,1-0,home_win,False,False,0
FIFA World Cup 2022,Round of 16,2022-12-05,Brazil,South Korea,1-0,4-1,home_win,home_win,False,True,90,135,1.249,0.965,1,0,4,1,1-0,home_win,False,True,90,oddsportal,6386054.0,2022-12-05,Brazil,South Korea,False,1.23,6.64,13.64,,0.0,True,0.7840573436985993,0.14523953806465018,0.07070311823675052,1.0369243227110574,1,0,home_win,1-0,home_win,False,True,90,1,0,1-0,home_win,False,True,90
FIFA World Cup 2022,Round of 16,2022-12-06,Morocco,Spain,1-1,0-0,draw,draw,False,True,90,135,1.132,1.882,1,1,0,0,1-1,draw,False,True,90,oddsportal,6381884.0,2022-12-06,Morocco,Spain,False,6.11,3.84,1.63,,0.0,True,0.15773835774894218,0.25098473068907207,0.5912769115619857,1.0375797202949337,0,1,away_win,0-1,away_win,False,False,0,1,0,1-0,home_win,False,False,0
FIFA World Cup 2022,Round of 16,2022-12-06,Portugal,Switzerland,1-1,6-1,draw,home_win,False,False,0,135,1.565,1.299,1,1,6,1,1-1,draw,False,False,0,oddsportal,6386053.0,2022-12-06,Portugal,Switzerland,False,1.91,3.59,4.27,,0.0,True,0.5052188557736991,0.2687933188099625,0.2259878254163385,1.0363037789282359,1,0,home_win,1-0,home_win,False,True,90,1,0,1-0,home_win,False,True,90
FIFA World Cup 2022,Quarter-finals,2022-12-09,Croatia,Brazil,1-0,1-1,home_win,draw,False,False,0,180,1.065,0.849,1,0,1,1,1-0,home_win,False,False,0,oddsportal,6390008.0,2022-12-09,Croatia,Brazil,False,8.73,4.83,1.4,,0.0,True,0.11058072049177513,0.1998695010130842,0.6895497784951407,1.035872588987784,0,1,away_win,0-1,away_win,False,False,0,1,0,1-0,home_win,False,False,0
FIFA World Cup 2022,Quarter-finals,2022-12-09,Netherlands,Argentina,1-1,2-2,draw,draw,False,True,120,180,1.315,1.149,1,1,2,2,1-1,draw,False,True,120,oddsportal,6387475.0,2022-12-09,Netherlands,Argentina,False,3.77,3.14,2.21,,0.0,True,0.25598235265908986,0.307341869275404,0.43667577806550617,1.0362120147523437,0,1,away_win,0-1,away_win,False,False,0,1,0,1-0,home_win,False,False,0
FIFA World Cup 2022,Quarter-finals,2022-12-10,Morocco,Portugal,1-1,1-0,draw,home_win,False,False,0,180,1.365,1.299,1,1,1,0,1-1,draw,False,False,0,oddsportal,6392715.0,2022-12-10,Morocco,Portugal,False,6.25,3.87,1.62,,0.0,True,0.15448759175888757,0.24949546472688558,0.5960169435142267,1.0356818834338215,0,1,away_win,0-1,away_win,False,False,0,1,0,1-0,home_win,True,True,180
FIFA World Cup 2022,Quarter-finals,2022-12-10,England,France,2-1,1-2,home_win,away_win,False,False,0,180,2.115,1.299,2,1,1,2,2-1,home_win,False,False,0,oddsportal,6388514.0,2022-12-10,England,France,False,2.94,3.12,2.64,,0.0,True,0.3272311212814646,0.30835240274599546,0.3644164759725401,1.0394367537224678,0,1,away_win,0-1,away_win,False,True,120,1,0,1-0,home_win,False,False,0
FIFA World Cup 2022,Semi-finals,2022-12-13,Argentina,Croatia,1-1,3-0,draw,home_win,False,False,0,225,1.182,1.132,1,1,3,0,1-1,draw,False,False,0,oddsportal,6397890.0,2022-12-13,Argentina,Croatia,False,2.0,3.12,4.69,,0.0,True,0.4836841548550878,0.31005394541992803,0.20626189972498413,1.0337324367175114,1,0,home_win,1-0,home_win,False,True,150,1,0,1-0,home_win,False,True,150
FIFA World Cup 2022,Semi-finals,2022-12-14,France,Morocco,1-1,2-0,draw,home_win,False,False,0,225,1.332,1.232,1,1,2,0,1-1,draw,False,False,0,oddsportal,6398729.0,2022-12-14,France,Morocco,False,1.6,3.9,6.52,,0.0,True,0.6039904988123516,0.24779097387173402,0.1482185273159145,1.0347844895390907,1,0,home_win,1-0,home_win,False,True,150,1,0,1-0,home_win,False,True,150
FIFA World Cup 2022,Match for third place,2022-12-17,Croatia,Morocco,1-1,2-1,draw,home_win,False,False,0,270,1.032,1.032,1,1,2,1,1-1,draw,False,False,0,oddsportal,6406358.0,2022-12-17,Croatia,Morocco,False,2.28,3.55,3.11,,0.0,True,0.42098660453836567,0.2703801291119644,0.30863326634967,1.0418300404332692,1,0,home_win,1-0,home_win,False,True,180,1,0,1-0,home_win,False,True,180
FIFA World Cup 2022,Final,2022-12-18,Argentina,France,1-1,3-3,draw,draw,False,True,180,270,1.382,1.432,1,1,3,3,1-1,draw,False,True,180,oddsportal,6406359.0,2022-12-18,Argentina,France,False,2.69,3.15,2.9,,0.0,True,0.3595112064385368,0.3070111572443377,0.33347763631712546,1.0340351155631249,1,0,home_win,1-0,home_win,False,False,0,1,0,1-0,home_win,False,False,0
UEFA Euro 2012,Quarter-finals,2012-06-21,Czech Republic,Portugal,1-1,0-1,draw,away_win,False,False,0,180,1.279,1.663,1,1,0,1,1-1,draw,False,False,0,oddsportal,1344958.0,2012-06-21,Czech Republic,Portugal,False,5.39,3.53,1.67,,0.0,True,0.1737783398333289,0.2653442639381424,0.5608773962285286,1.0676172711470793,0,1,away_win,0-1,away_win,True,True,180,1,0,1-0,home_win,False,False,0
UEFA Euro 2012,Quarter-finals,2012-06-22,Germany,Greece,1-0,4-2,home_win,home_win,False,True,120,180,1.496,0.896,1,0,4,2,1-0,home_win,False,True,120,oddsportal,1344959.0,2012-06-22,Germany,Greece,False,1.32,5.25,9.83,,0.0,True,0.7216509982087198,0.18144367954962098,0.09690532224165924,1.0497813478484892,1,0,home_win,1-0,home_win,False,True,120,1,0,1-0,home_win,False,True,120
UEFA Euro 2012,Quarter-finals,2012-06-23,Spain,France,1-0,2-0,home_win,home_win,False,True,120,180,1.713,0.729,1,0,2,0,1-0,home_win,False,True,120,oddsportal,1349425.0,2012-06-23,Spain,France,False,1.87,3.33,4.75,,0.0,True,0.5114446553346417,0.28720765930203607,0.20134768536332212,1.045585974378544,1,0,home_win,1-0,home_win,False,True,120,1,0,1-0,home_win,False,True,120
UEFA Euro 2012,Quarter-finals,2012-06-24,England,Italy,1-1,0-0,draw,draw,False,True,120,180,1.296,1.246,1,1,0,0,1-1,draw,False,True,120,oddsportal,1349426.0,2012-06-24,England,Italy,False,2.87,2.89,2.81,,0.0,True,0.33173746624781963,0.32944170523572397,0.3388208285164564,1.0503247031158,0,1,away_win,0-1,away_win,False,False,0,1,0,1-0,home_win,False,False,0
UEFA Euro 2012,Semi-finals,2012-06-27,Portugal,Spain,1-1,0-0,draw,draw,False,True,150,225,1.063,1.779,1,1,0,0,1-1,draw,False,True,150,oddsportal,1353893.0,2012-06-27,Portugal,Spain,False,4.42,3.33,1.96,,0.0,True,0.21822485840193123,0.28965581805901985,0.492119323539049,1.036748725824356,0,1,away_win,0-1,away_win,False,False,0,1,0,1-0,home_win,False,False,0
UEFA Euro 2012,Semi-finals,2012-06-28,Germany,Italy,1-1,1-2,draw,away_win,False,False,0,225,1.329,1.113,1,1,1,2,1-1,draw,False,False,0,oddsportal,1354257.0,2012-06-28,Germany,Italy,False,1.88,3.33,4.58,,0.0,True,0.5063175996441163,0.28584897517445607,0.20783342518142767,1.0505558052710333,1,0,home_win,1-0,home_win,False,False,0,1,0,1-0,home_win,False,False,0
UEFA Euro 2012,Final,2012-07-01,Spain,Italy,1-0,4-0,home_win,home_win,False,True,180,270,1.546,0.946,1,0,4,0,1-0,home_win,False,True,180,oddsportal,1368379.0,2012-07-01,Spain,Italy,False,2.12,3.07,4.12,,0.0,True,0.4534907067462137,0.31315970628728773,0.23334958696649835,1.0401494588322904,1,0,home_win,1-0,home_win,False,True,180,1,0,1-0,home_win,False,True,180
UEFA Euro 2016,Round of 16,2016-06-25,Switzerland,Poland,0-0,1-1,draw,draw,False,True,90,135,0.612,0.778,0,0,1,1,0-0,draw,False,True,90,oddsportal,2556321.0,2016-06-25,Switzerland,Poland,False,3.01,2.88,2.91,,0.0,True,0.3247277080984319,0.3393855560334305,0.33588673586813744,1.0230907475273336,1,1,draw,1-1,draw,True,True,135,1,0,1-0,home_win,False,False,0
UEFA Euro 2016,Round of 16,2016-06-25,Wales,Northern Ireland,1-0,1-0,home_win,home_win,True,True,135,135,1.545,0.845,1,0,1,0,1-0,home_win,True,True,135,oddsportal,2560376.0,2016-06-25,Wales,Northern Ireland,False,2.04,2.97,5.15,,0.0,True,0.48008022523328403,0.32975207389760924,0.1901677008691067,1.0210711724132626,1,0,home_win,1-0,home_win,True,True,135,1,0,1-0,home_win,True,True,135
UEFA Euro 2016,Round of 16,2016-06-25,Croatia,Portugal,1-1,0-1,draw,away_win,False,False,0,135,1.562,1.178,1,1,0,1,1-1,draw,False,False,0,oddsportal,2560012.0,2016-06-25,Croatia,Portugal,False,2.85,3.03,2.93,,0.0,True,0.3432544975815712,0.3228631412895967,0.3338823611288321,1.0222071246104312,1,0,home_win,1-0,home_win,False,False,0,1,0,1-0,home_win,False,False,0
UEFA Euro 2016,Round of 16,2016-06-26,France,Republic of Ireland,1-0,2-1,home_win,home_win,False,True,90,135,1.512,0.578,1,0,2,1,1-0,home_win,False,True,90,,,,,,,,,,,,False,,,,,,,,,,,,,1,0,1-0,home_win,False,True,90
UEFA Euro 2016,Round of 16,2016-06-26,Germany,Slovakia,1-0,3-0,home_win,home_win,False,True,90,135,1.195,0.695,1,0,3,0,1-0,home_win,False,True,90,oddsportal,2560013.0,2016-06-26,Germany,Slovakia,False,1.42,4.29,11.5,,0.0,True,0.6875306591152337,0.22757425080271138,0.08489509008205494,1.0242821069520396,1,0,home_win,1-0,home_win,False,True,90,1,0,1-0,home_win,False,True,90
UEFA Euro 2016,Round of 16,2016-06-26,Hungary,Belgium,1-1,0-4,draw,away_win,False,False,0,135,1.445,1.345,1,1,0,4,1-1,draw,False,False,0,oddsportal,2560377.0,2016-06-26,Hungary,Belgium,False,7.28,3.61,1.65,,0.0,True,0.13461229895162183,0.27146192143152553,0.5939257796168528,1.0204315536725508,0,1,away_win,0-1,away_win,False,True,90,1,0,1-0,home_win,False,False,0
UEFA Euro 2016,Round of 16,2016-06-27,Italy,Spain,0-1,2-0,away_win,home_win,False,False,0,135,0.962,1.228,0,1,2,0,0-1,away_win,False,False,0,oddsportal,2556322.0,2016-06-27,Italy,Spain,False,4.58,2.94,2.16,,0.0,True,0.21375772508785393,0.33299672819808535,0.4532455467140606,1.0214396287384435,0,1,away_win,0-1,away_win,False,False,0,1,0,1-0,home_win,False,True,90
UEFA Euro 2016,Round of 16,2016-06-27,England,Iceland,1-1,1-2,draw,away_win,False,False,0,135,1.095,1.145,1,1,1,2,1-1,draw,False,False,0,oddsportal,2560011.0,2016-06-27,England,Iceland,False,1.47,4.27,9.46,,0.0,True,0.6668207397820636,0.22956123828562847,0.10361802193230797,1.0201723915573924,1,0,home_win,1-0,home_win,False,False,0,1,0,1-0,home_win,False,False,0
UEFA Euro 2016,Quarter-finals,2016-06-30,Poland,Portugal,1-0,1-1,home_win,draw,False,False,0,180,1.112,0.878,1,0,1,1,1-0,home_win,False,False,0,oddsportal,2565200.0,2016-06-30,Poland,Portugal,False,3.8,2.93,2.4,,0.0,True,0.25771457890493293,0.33423733782892323,0.40804808326614384,1.0211214897311538,0,1,away_win,0-1,away_win,False,False,0,1,0,1-0,home_win,False,False,0
UEFA Euro 2016,Quarter-finals,2016-07-01,Wales,Belgium,1-1,3-1,draw,home_win,False,False,0,180,1.478,1.212,1,1,3,1,1-1,draw,False,False,0,oddsportal,2566782.0,2016-07-01,Wales,Belgium,False,4.96,3.38,1.91,,0.0,True,0.19746009995656721,0.28976393366407494,0.5127759663793577,1.0210311008155708,0,1,away_win,0-1,away_win,False,False,0,1,0,1-0,home_win,False,True,120
UEFA Euro 2016,Quarter-finals,2016-07-02,Germany,Italy,0-0,1-1,draw,draw,False,True,120,180,0.928,0.762,0,0,1,1,0-0,draw,False,True,120,oddsportal,2569905.0,2016-07-02,Germany,Italy,False,2.29,3.03,3.93,,0.0,True,0.42762952349145134,0.3231919500974995,0.24917852641104923,1.021167152216405,1,0,home_win,1-0,home_win,False,False,0,1,0,1-0,home_win,False,False,0
UEFA Euro 2016,Quarter-finals,2016-07-03,France,Iceland,1-0,5-2,home_win,home_win,False,True,120,180,1.312,0.978,1,0,5,2,1-0,home_win,False,True,120,oddsportal,2570004.0,2016-07-03,France,Iceland,False,1.42,4.99,8.48,,0.0,True,0.6886948143470492,0.19598128985427046,0.11532389579868038,1.0225506820177692,1,0,home_win,1-0,home_win,False,True,120,1,0,1-0,home_win,False,True,120
UEFA Euro 2016,Semi-finals,2016-07-06,Portugal,Wales,1-1,2-0,draw,home_win,False,False,0,225,1.145,1.745,1,1,2,0,1-1,draw,False,False,0,oddsportal,2579904.0,2016-07-06,Portugal,Wales,False,2.18,3.11,4.18,,0.0,True,0.44994462134847013,0.3153952651252942,0.23466011352623567,1.0194934544511693,1,0,home_win,1-0,home_win,False,True,150,1,0,1-0,home_win,False,True,150
UEFA Euro 2016,Semi-finals,2016-07-07,Germany,France,0-0,0-2,draw,away_win,False,False,0,225,0.895,0.945,0,0,0,2,0-0,draw,False,False,0,oddsportal,2581253.0,2016-07-07,Germany,France,False,3.01,3.0,2.81,,0.0,True,0.3252553234997936,0.3263395079114595,0.34840516858874687,1.0214311330755923,0,1,away_win,0-1,away_win,False,True,150,1,0,1-0,home_win,False,False,0
UEFA Euro 2016,Final,2016-07-10,Portugal,France,0-1,1-0,away_win,home_win,False,False,0,270,0.945,1.445,0,1,1,0,0-1,away_win,False,False,0,oddsportal,2589828.0,2016-07-10,Portugal,France,False,4.24,3.09,2.17,,0.0,True,0.23115586551157105,0.3171847474980781,0.45165938699035085,1.0203031451605868,0,1,away_win,0-1,away_win,False,False,0,1,0,1-0,home_win,True,True,270
UEFA Euro 2020,Round of 16,2021-06-26,Wales,Denmark,1-1,0-4,draw,away_win,False,False,0,135,1.184,1.284,1,1,0,4,1-1,draw,False,False,0,oddsportal,5134216.0,2021-06-26,Wales,Denmark,False,4.77,3.15,1.97,,0.0,True,0.2026093855602245,0.3068084981340542,0.4905821163057212,1.034718136528308,0,1,away_win,0-1,away_win,False,True,90,1,0,1-0,home_win,False,False,0
UEFA Euro 2020,Round of 16,2021-06-26,Italy,Austria,1-0,2-1,home_win,home_win,False,True,90,135,1.884,0.734,1,0,2,1,1-0,home_win,False,True,90,oddsportal,5134049.0,2021-06-26,Italy,Austria,False,1.56,3.9,7.32,,0.0,True,0.6199186991869919,0.24796747967479682,0.13211382113821138,1.0340479192938208,1,0,home_win,1-0,home_win,False,True,90,1,0,1-0,home_win,False,True,90
UEFA Euro 2020,Round of 16,2021-06-27,Netherlands,Czech Republic,1-0,0-2,home_win,away_win,False,False,0,135,1.9,0.817,1,0,0,2,1-0,home_win,False,False,0,oddsportal,5139176.0,2021-06-27,Netherlands,Czech Republic,False,1.58,4.05,6.22,,0.0,True,0.608219694043112,0.23728076952793017,0.15449953642895775,1.0405966768320412,1,0,home_win,1-0,home_win,False,False,0,1,0,1-0,home_win,False,False,0
UEFA Euro 2020,Round of 16,2021-06-27,Belgium,Portugal,2-1,1-0,home_win,home_win,False,True,90,135,2.15,1.317,2,1,1,0,2-1,home_win,False,True,90,oddsportal,5139421.0,2021-06-27,Belgium,Portugal,False,2.4,3.36,3.15,,0.0,True,0.4038461538461539,0.2884615384615385,0.3076923076923077,1.0317460317460316,1,0,home_win,1-0,home_win,True,True,135,1,0,1-0,home_win,True,True,135
UEFA Euro 2020,Round of 16,2021-06-28,Croatia,Spain,0-1,3-5,away_win,away_win,False,True,90,135,0.9,1.667,0,1,3,5,0-1,away_win,False,True,90,oddsportal,5139175.0,2021-06-28,Croatia,Spain,False,6.5,3.94,1.6,,0.0,True,0.14898142458760694,0.24578153802523986,0.6052370373871532,1.0326532604451386,0,1,away_win,0-1,away_win,False,True,90,1,0,1-0,home_win,False,False,0
UEFA Euro 2020,Round of 16,2021-06-28,France,Switzerland,1-1,3-3,draw,draw,False,True,90,135,1.5,1.167,1,1,3,3,1-1,draw,False,True,90,oddsportal,5139420.0,2021-06-28,France,Switzerland,False,1.61,3.92,6.31,,0.0,True,0.600288796398539,0.24654718423511426,0.15316401936634674,1.0346986586269593,1,0,home_win,1-0,home_win,False,False,0,1,0,1-0,home_win,False,False,0
UEFA Euro 2020,Round of 16,2021-06-29,England,Germany,1-1,2-0,draw,home_win,False,False,0,135,1.167,1.2,1,1,2,0,1-1,draw,False,False,0,oddsportal,5139419.0,2021-06-29,England,Germany,False,2.45,3.35,3.07,,0.0,True,0.3953524131700847,0.2891383320199127,0.31550925481000247,1.032403627015491,1,0,home_win,1-0,home_win,False,True,90,1,0,1-0,home_win,False,True,90
UEFA Euro 2020,Round of 16,2021-06-29,Sweden,Ukraine,1-1,1-2,draw,away_win,False,False,0,135,1.534,1.034,1,1,1,2,1-1,draw,False,False,0,oddsportal,5139422.0,2021-06-29,Sweden,Ukraine,False,2.29,3.26,3.46,,0.0,True,0.4229575077619954,0.29710818796778204,0.2799343042702224,1.0324470300055548,1,0,home_win,1-0,home_win,False,False,0,1,0,1-0,home_win,False,False,0
UEFA Euro 2020,Quarter-finals,2021-07-02,Switzerland,Spain,0-1,1-1,away_win,draw,False,False,0,180,0.834,1.934,0,1,1,1,0-1,away_win,False,False,0,oddsportal,5152170.0,2021-07-02,Switzerland,Spain,False,5.87,3.9,1.65,,0.0,True,0.16494290437925332,0.24826021761697878,0.5867968780037679,1.0328286137485456,0,1,away_win,0-1,away_win,False,False,0,1,0,1-0,home_win,False,False,0
UEFA Euro 2020,Quarter-finals,2021-07-02,Belgium,Italy,1-1,1-2,draw,away_win,False,False,0,180,1.35,1.517,1,1,1,2,1-1,draw,False,False,0,oddsportal,5149478.0,2021-07-02,Belgium,Italy,False,3.32,3.21,2.36,,0.0,True,0.2906091760012276,0.3005677458953506,0.40882307810342183,1.0364601125872093,0,1,away_win,0-1,away_win,False,True,120,1,0,1-0,home_win,False,False,0
UEFA Euro 2020,Quarter-finals,2021-07-03,Czech Republic,Denmark,1-1,1-2,draw,away_win,False,False,0,180,1.184,1.284,1,1,1,2,1-1,draw,False,False,0,oddsportal,5149191.0,2021-07-03,Czech Republic,Denmark,False,4.07,3.08,2.16,,0.0,True,0.23777323478534357,0.3142003459663469,0.4480264192483094,1.0333385333385334,0,1,away_win,0-1,away_win,False,True,120,1,0,1-0,home_win,False,False,0
UEFA Euro 2020,Quarter-finals,2021-07-03,Ukraine,England,0-1,0-4,away_win,away_win,False,True,120,180,0.834,1.234,0,1,0,4,0-1,away_win,False,True,120,oddsportal,5156132.0,2021-07-03,Ukraine,England,False,7.76,4.03,1.53,,0.0,True,0.12503979801871776,0.24077142248765498,0.6341887794936273,1.0305997084396505,0,1,away_win,0-1,away_win,False,True,120,1,0,1-0,home_win,False,False,0
UEFA Euro 2020,Semi-finals,2021-07-06,Italy,Spain,1-1,1-1,draw,draw,True,True,225,225,1.55,1.167,1,1,1,1,1-1,draw,True,True,225,oddsportal,5172092.0,2021-07-06,Italy,Spain,False,2.5,3.17,3.17,,0.0,True,0.3880048959608323,0.30599755201958384,0.30599755201958384,1.0309148264984227,1,0,home_win,1-0,home_win,False,False,0,1,0,1-0,home_win,False,False,0
UEFA Euro 2020,Semi-finals,2021-07-07,England,Denmark,1-1,2-1,draw,home_win,False,False,0,225,1.067,1.05,1,1,2,1,1-1,draw,False,False,0,oddsportal,5173474.0,2021-07-07,England,Denmark,False,1.75,3.5,5.71,,0.0,True,0.553562772661173,0.2767813863305865,0.16965584100824044,1.0322742056542407,1,0,home_win,1-0,home_win,False,True,150,1,0,1-0,home_win,False,True,150
UEFA Euro 2020,Final,2021-07-11,Italy,England,1-0,1-1,home_win,draw,False,False,0,270,1.55,0.467,1,0,1,1,1-0,home_win,False,False,0,oddsportal,5187124.0,2021-07-11,Italy,England,False,3.34,2.95,2.55,,0.0,True,0.29052814521579606,0.32893695085449454,0.3805349039297094,1.0305411111973461,0,1,away_win,0-1,away_win,False,False,0,1,0,1-0,home_win,False,False,0
UEFA Euro 2024,Round of 16,2024-06-29,Switzerland,Italy,1-1,2-0,draw,home_win,False,False,0,135,1.465,1.032,1,1,2,0,1-1,draw,False,False,0,oddsportal,7753895.0,2024-06-29,Switzerland,Italy,False,3.34,2.88,2.56,,0.0,True,0.2886494612878978,0.3347531946880481,0.3765973440240541,1.0372484198270127,0,1,away_win,0-1,away_win,False,False,0,1,0,1-0,home_win,False,True,90
UEFA Euro 2024,Round of 16,2024-06-29,Germany,Denmark,1-0,2-0,home_win,home_win,False,True,90,135,1.949,0.649,1,0,2,0,1-0,home_win,False,True,90,oddsportal,7758357.0,2024-06-29,Germany,Denmark,False,1.62,3.94,5.89,,0.0,True,0.5930459582123727,0.2438412315492497,0.1631128102383776,1.0408703441432636,1,0,home_win,1-0,home_win,False,True,90,1,0,1-0,home_win,False,True,90
UEFA Euro 2024,Round of 16,2024-06-30,England,Slovakia,0-0,2-1,draw,home_win,False,False,0,135,0.982,0.865,0,0,2,1,0-0,draw,False,False,0,oddsportal,7767169.0,2024-06-30,England,Slovakia,False,1.44,4.24,8.96,,0.0,True,0.6665169548618909,0.22636424882101952,0.10711879631708959,1.0419006439053609,1,0,home_win,1-0,home_win,False,True,90,1,0,1-0,home_win,False,True,90
UEFA Euro 2024,Round of 16,2024-06-30,Spain,Georgia,1-0,4-1,home_win,home_win,False,True,90,135,1.665,0.782,1,0,4,1,1-0,home_win,False,True,90,oddsportal,7767165.0,2024-06-30,Spain,Georgia,False,1.2,7.07,14.87,,0.0,True,0.7997244766234923,0.13573824214260122,0.06453728123390656,1.0420255446622575,1,0,home_win,1-0,home_win,False,True,90,1,0,1-0,home_win,False,True,90
UEFA Euro 2024,Round of 16,2024-07-01,France,Belgium,0-0,1-0,draw,home_win,False,False,0,135,0.749,0.749,0,0,1,0,0-0,draw,False,False,0,oddsportal,7766775.0,2024-07-01,France,Belgium,False,2.02,3.3,4.21,,0.0,True,0.4780271959040986,0.29261058658372097,0.22936221751218036,1.0356094991921996,1,0,home_win,1-0,home_win,True,True,135,1,0,1-0,home_win,True,True,135
UEFA Euro 2024,Round of 16,2024-07-01,Portugal,Slovenia,1-0,0-0,home_win,draw,False,False,0,135,1.365,0.882,1,0,0,0,1-0,home_win,False,False,0,oddsportal,7767167.0,2024-07-01,Portugal,Slovenia,False,1.36,5.07,9.48,,0.0,True,0.7083635463275737,0.190014679093787,0.10162177457863926,1.0380180084916897,1,0,home_win,1-0,home_win,False,False,0,1,0,1-0,home_win,False,False,0
UEFA Euro 2024,Round of 16,2024-07-02,Romania,Netherlands,1-1,0-3,draw,away_win,False,False,0,135,1.382,1.215,1,1,0,3,1-1,draw,False,False,0,oddsportal,7767171.0,2024-07-02,Romania,Netherlands,False,8.11,4.57,1.44,,0.0,True,0.11895469967589689,0.21109904034387827,0.6699462599802247,1.036567387457231,0,1,away_win,0-1,away_win,False,True,90,1,0,1-0,home_win,False,False,0
UEFA Euro 2024,Round of 16,2024-07-02,Austria,Turkey,1-1,1-2,draw,away_win,False,False,0,135,1.815,1.432,1,1,1,2,1-1,draw,False,False,0,oddsportal,7767163.0,2024-07-02,Austria,Turkey,False,1.96,3.36,4.31,,0.0,True,0.49065553552793856,0.28621572905796416,0.22312873541409736,1.0398416907366195,1,0,home_win,1-0,home_win,False,False,0,1,0,1-0,home_win,False,False,0
UEFA Euro 2024,Quarter-finals,2024-07-05,Spain,Germany,1-1,2-1,draw,home_win,False,False,0,180,1.265,1.582,1,1,2,1,1-1,draw,False,False,0,oddsportal,7782297.0,2024-07-05,Spain,Germany,False,2.66,3.18,2.88,,0.0,True,0.3623071445525753,0.3030619511037265,0.334630904343698,1.037627480651314,1,0,home_win,1-0,home_win,False,True,120,1,0,1-0,home_win,False,True,120
UEFA Euro 2024,Quarter-finals,2024-07-05,Portugal,France,1-0,0-0,home_win,draw,False,False,0,180,1.232,0.915,1,0,0,0,1-0,home_win,False,False,0,oddsportal,7794819.0,2024-07-05,Portugal,France,False,3.45,3.0,2.41,,0.0,True,0.2792098708219892,0.3210913514452876,0.39969877773272317,1.038126165133201,0,1,away_win,0-1,away_win,False,False,0,1,0,1-0,home_win,False,False,0
UEFA Euro 2024,Quarter-finals,2024-07-06,England,Switzerland,0-1,1-1,away_win,draw,False,False,0,180,0.915,1.232,0,1,1,1,0-1,away_win,False,False,0,oddsportal,7782139.0,2024-07-06,England,Switzerland,False,2.21,2.94,4.08,,0.0,True,0.4360400444938821,0.3277715980719318,0.23618835743418615,1.0377227814202603,1,0,home_win,1-0,home_win,False,False,0,1,0,1-0,home_win,False,False,0
UEFA Euro 2024,Quarter-finals,2024-07-06,Netherlands,Turkey,1-1,2-1,draw,home_win,False,False,0,180,1.449,1.499,1,1,2,1,1-1,draw,False,False,0,oddsportal,7804331.0,2024-07-06,Netherlands,Turkey,False,1.61,4.0,5.95,,0.0,True,0.5976971082007559,0.24057308605080427,0.16172980574843984,1.0391852393131165,1,0,home_win,1-0,home_win,False,True,120,1,0,1-0,home_win,False,True,120
UEFA Euro 2024,Semi-finals,2024-07-09,Spain,France,1-0,2-1,home_win,home_win,False,True,150,225,1.332,0.515,1,0,2,1,1-0,home_win,False,True,150,oddsportal,7828025.0,2024-07-09,Spain,France,False,2.73,2.85,3.17,,0.0,True,0.35472395962165915,0.33978821395337877,0.305487826424962,1.0326349725320338,1,0,home_win,1-0,home_win,False,True,150,1,0,1-0,home_win,False,True,150
UEFA Euro 2024,Semi-finals,2024-07-10,Netherlands,England,1-1,1-2,draw,away_win,False,False,0,225,1.015,1.082,1,1,1,2,1-1,draw,False,False,0,oddsportal,7830579.0,2024-07-10,Netherlands,England,False,3.25,2.84,2.66,,0.0,True,0.2970734661454852,0.3399608327369109,0.36296570111760407,1.0357448333727057,0,1,away_win,0-1,away_win,False,True,150,1,0,1-0,home_win,False,False,0
UEFA Euro 2024,Final,2024-07-14,Spain,England,1-0,2-1,home_win,home_win,False,True,180,270,1.332,0.515,1,0,2,1,1-0,home_win,False,True,180,oddsportal,7872403.0,2024-07-14,Spain,England,False,2.41,2.86,3.73,,0.0,True,0.40180491681638586,0.3385838634711504,0.2596112197124638,1.0326846237317575,1,0,home_win,1-0,home_win,False,True,180,1,0,1-0,home_win,False,True,180
