tournament,round,player,player_url,team,opponent,scorito_position,raw_position,position_known,group_goals,group_goal_matches,player_goal_share,carryover_boost,team_xg,expected_round_goals,points_per_goal,expected_round_points,pure_points_rank,differential_score,pick_rank,pick_style,actual_goals,actual_points
FIFA World Cup 2010,Round of 16,Lee Jung-soo,https://en.wikipedia.org/wiki/Lee_Jung-soo,South Korea,Uruguay,Keeper / Verdediger,Centre-back,True,2,2,0.3057142857142857,1.6368073499856448,0.926,0.5097027441040156,96,48.9314634339855,1,68.5040488075797,1,core_expected_points,0,0.0
FIFA World Cup 2010,Round of 16,Elano,https://en.wikipedia.org/wiki/Elano,Brazil,Chile,Middenvelder,Attacking midfielder,True,2,2,0.33428571428571424,1.6368073499856448,1.359,0.8179514485049835,48,39.26166952823921,2,45.15091995747509,2,core_expected_points,0,0.0
FIFA World Cup 2010,Round of 16,Keisuke Honda,https://en.wikipedia.org/wiki/Keisuke_Honda,Japan,Paraguay,Middenvelder,Attacking midfielder,True,2,2,0.38999999999999996,1.6368073499856448,1.042,0.731682347975883,48,35.12075270284239,3,40.388865608268745,3,core_expected_points,0,0.0
FIFA World Cup 2010,Round of 16,Álvaro Pereira,https://en.wikipedia.org/wiki/%C3%81lvaro_Pereira,Uruguay,South Korea,Keeper / Verdediger,Wing-back,True,1,1,0.19000000000000003,0.8703783088629299,1.709,0.282620540670882,96,27.131571904404673,4,37.98420066616654,4,core_expected_points,0,0.0
FIFA World Cup 2010,Quarter-finals,Elano,https://en.wikipedia.org/wiki/Elano,Brazil,Netherlands,Middenvelder,Attacking midfielder,True,2,2,0.33428571428571424,1.6368073499856448,1.159,0.6975759593946107,64,44.644861401255085,1,51.341590611443344,1,core_expected_points,0,0.0
FIFA World Cup 2010,Quarter-finals,Álvaro Pereira,https://en.wikipedia.org/wiki/%C3%81lvaro_Pereira,Uruguay,Ghana,Keeper / Verdediger,Wing-back,True,1,1,0.19000000000000003,0.8703783088629299,1.276,0.21101451720072875,128,27.00985820169328,2,37.81380148237059,2,core_expected_points,0,0.0
FIFA World Cup 2010,Quarter-finals,David Villa,https://en.wikipedia.org/wiki/David_Villa,Spain,Paraguay,Aanvaller,Striker,True,2,2,0.4266666666666667,1.6368073499856448,1.042,0.8004729960761798,32,25.615135874437755,3,24.334379080715866,3,core_expected_points,1,32.0
FIFA World Cup 2010,Quarter-finals,Antolín Alcaraz,https://en.wikipedia.org/wiki/Antol%C3%ADn_Alcaraz,Paraguay,Spain,Keeper / Verdediger,Centre-back,True,1,1,0.22800000000000004,0.8703783088629299,0.992,0.19685868438538207,128,25.197911601328904,4,35.27707624186046,4,core_expected_points,0,0.0
FIFA World Cup 2010,Semi-finals,David Villa,https://en.wikipedia.org/wiki/David_Villa,Spain,Germany,Aanvaller,Striker,True,2,2,0.4266666666666667,1.6368073499856448,0.976,0.7497712516030244,40,29.990850064120977,1,28.491307560914926,1,core_expected_points,0,0.0
FIFA World Cup 2010,Semi-finals,Álvaro Pereira,https://en.wikipedia.org/wiki/%C3%81lvaro_Pereira,Uruguay,Netherlands,Keeper / Verdediger,Wing-back,True,1,1,0.19000000000000003,0.8703783088629299,1.042,0.1723174975886829,160,27.570799614189262,2,38.599119459864966,2,core_expected_points,0,0.0
FIFA World Cup 2010,Semi-finals,Mesut Özil,https://en.wikipedia.org/wiki/Mesut_%C3%96zil,Germany,Spain,Middenvelder,Attacking midfielder,True,1,1,0.19142857142857145,0.8703783088629299,1.359,0.22643016044827532,80,18.114412835862026,3,20.831574761241328,3,core_expected_points,0,0.0
FIFA World Cup 2010,Semi-finals,Andrés Iniesta,https://en.wikipedia.org/wiki/Andr%C3%A9s_Iniesta,Spain,Germany,Middenvelder,Midfielder,True,1,1,0.22333333333333336,0.8703783088629299,0.976,0.1897192612438824,80,15.177540899510591,4,17.45417203443718,4,core_expected_points,0,0.0
FIFA World Cup 2010,Match for third place,Álvaro Pereira,https://en.wikipedia.org/wiki/%C3%81lvaro_Pereira,Uruguay,Germany,Keeper / Verdediger,Wing-back,True,1,1,0.19000000000000003,0.8703783088629299,1.042,0.1723174975886829,192,33.08495953702712,1,46.31894335183796,1,core_expected_points,0,0.0
FIFA World Cup 2010,Match for third place,Mesut Özil,https://en.wikipedia.org/wiki/Mesut_%C3%96zil,Germany,Uruguay,Middenvelder,Attacking midfielder,True,1,1,0.19142857142857145,0.8703783088629299,1.092,0.1819438816847069,96,17.466612641731864,2,20.08660453799164,2,core_expected_points,0,0.0
FIFA World Cup 2010,Match for third place,Diego Forlán,https://en.wikipedia.org/wiki/Diego_Forl%C3%A1n,Uruguay,Germany,Aanvaller,Forward,True,1,1,0.26,0.8703783088629299,1.042,0.23580289143714495,48,11.318538788982957,3,10.752611849533809,3,core_expected_points,1,48.0
FIFA World Cup 2010,Match for third place,Luis Suárez,https://en.wikipedia.org/wiki/Luis_Su%C3%A1rez,Uruguay,Germany,Aanvaller,Striker,True,1,1,0.26,0.8703783088629299,1.042,0.23580289143714495,48,11.318538788982957,4,10.752611849533809,4,core_expected_points,0,0.0
FIFA World Cup 2010,Final,David Villa,https://en.wikipedia.org/wiki/David_Villa,Spain,Netherlands,Aanvaller,Striker,True,2,2,0.4266666666666667,1.6368073499856448,0.976,0.7497712516030244,48,35.98902007694517,1,34.18956907309791,1,core_expected_points,0,0.0
FIFA World Cup 2010,Final,Wesley Sneijder,https://en.wikipedia.org/wiki/Wesley_Sneijder,Netherlands,Spain,Middenvelder,Attacking midfielder,True,1,1,0.19142857142857145,0.8703783088629299,1.359,0.22643016044827532,96,21.73729540303443,2,24.99788971348959,2,core_expected_points,0,0.0
FIFA World Cup 2010,Final,Andrés Iniesta,https://en.wikipedia.org/wiki/Andr%C3%A9s_Iniesta,Spain,Netherlands,Middenvelder,Midfielder,True,1,1,0.22333333333333336,0.8703783088629299,0.976,0.1897192612438824,96,18.21304907941271,3,20.945006441324615,3,core_expected_points,1,96.0
FIFA World Cup 2010,Final,Dirk Kuyt,https://en.wikipedia.org/wiki/Dirk_Kuyt,Netherlands,Spain,Aanvaller,Forward right winger,True,1,1,0.22285714285714286,0.8703783088629299,1.359,0.26360526141739515,48,12.653052548034967,4,12.020399920633219,4,core_expected_points,0,0.0
FIFA World Cup 2014,Round of 16,Thomas Müller,https://en.wikipedia.org/wiki/Thomas_M%C3%BCller,Germany,Algeria,Aanvaller,Forward attacking midfielder,True,2,2,0.28444444444444444,1.65,2.037,1.0516352,24,25.2392448,1,23.97728256,1,core_expected_points,0,0.0
FIFA World Cup 2014,Round of 16,Óscar Duarte,"https://en.wikipedia.org/wiki/%C3%93scar_Duarte_(footballer,_born_1989)",Costa Rica,Greece,Keeper / Verdediger,Centre-back,True,1,1,0.19000000000000003,0.8870108043217286,1.52,0.25616872028811527,96,24.592197147659064,2,34.42907600672269,2,core_expected_points,0,0.0
FIFA World Cup 2014,Round of 16,Jan Vertonghen,https://en.wikipedia.org/wiki/Jan_Vertonghen,Belgium,United States,Keeper / Verdediger,Centre-back left-back,True,1,1,0.19000000000000003,0.8870108043217286,1.454,0.2450456048019208,96,23.524378060984397,3,32.934129285378155,3,core_expected_points,0,0.0
FIFA World Cup 2014,Round of 16,Marcos Rojo,https://en.wikipedia.org/wiki/Marcos_Rojo,Argentina,Switzerland,Keeper / Verdediger,Defender,True,1,1,0.14250000000000002,0.8870108043217286,1.92,0.24268615606242497,96,23.297870981992798,4,32.61701937478991,4,core_expected_points,0,0.0
FIFA World Cup 2014,Quarter-finals,Jan Vertonghen,https://en.wikipedia.org/wiki/Jan_Vertonghen,Belgium,Argentina,Keeper / Verdediger,Centre-back left-back,True,1,1,0.19000000000000003,0.8870108043217286,1.254,0.2113391942376951,128,27.051416862424972,1,37.87198360739496,1,core_expected_points,0,0.0
FIFA World Cup 2014,Quarter-finals,Karim Benzema,https://en.wikipedia.org/wiki/Karim_Benzema,France,Germany,Aanvaller,Striker,True,2,2,0.256,1.65,1.787,0.83031168,32,26.56997376,2,25.241475072,2,core_expected_points,0,0.0
FIFA World Cup 2014,Quarter-finals,Thomas Müller,https://en.wikipedia.org/wiki/Thomas_M%C3%BCller,Germany,France,Aanvaller,Forward attacking midfielder,True,2,2,0.28444444444444444,1.65,1.57,0.8105386666666667,32,25.937237333333336,3,24.64037546666667,3,core_expected_points,0,0.0
FIFA World Cup 2014,Quarter-finals,Óscar Duarte,"https://en.wikipedia.org/wiki/%C3%93scar_Duarte_(footballer,_born_1989)",Costa Rica,Netherlands,Keeper / Verdediger,Centre-back,True,1,1,0.19000000000000003,0.8870108043217286,1.12,0.1887558991596639,128,24.16075509243698,8,33.82505712941177,4,differential_upside,0,0.0
FIFA World Cup 2014,Semi-finals,Arjen Robben,https://en.wikipedia.org/wiki/Arjen_Robben,Netherlands,Argentina,Aanvaller,Right winger,True,2,2,0.21333333333333335,1.65,2.287,0.8855264,40,35.421056,1,33.6500032,1,core_expected_points,0,0.0
FIFA World Cup 2014,Semi-finals,Memphis Depay,https://en.wikipedia.org/wiki/Memphis_Depay,Netherlands,Argentina,Aanvaller,Forward,True,2,2,0.21333333333333335,1.65,2.287,0.8855264,40,35.421056,2,33.6500032,2,core_expected_points,0,0.0
FIFA World Cup 2014,Semi-finals,Robin van Persie,https://en.wikipedia.org/wiki/Robin_van_Persie,Netherlands,Argentina,Aanvaller,Striker,True,2,2,0.21333333333333335,1.65,2.287,0.8855264,40,35.421056,3,33.6500032,3,core_expected_points,0,0.0
FIFA World Cup 2014,Semi-finals,Stefan de Vrij,https://en.wikipedia.org/wiki/Stefan_de_Vrij,Netherlands,Argentina,Keeper / Verdediger,Centre-back,True,1,1,0.09500000000000001,0.8870108043217286,2.287,0.19271640240096038,160,30.834624384153663,6,43.168474137815124,4,differential_upside,0,0.0
FIFA World Cup 2014,Match for third place,Neymar,https://en.wikipedia.org/wiki/Neymar,Brazil,Netherlands,Aanvaller,Attacking midfielder forward,True,2,2,0.28444444444444444,1.65,1.637,0.8451285333333334,48,40.5661696,1,38.53786112,1,core_expected_points,0,0.0
FIFA World Cup 2014,Match for third place,Arjen Robben,https://en.wikipedia.org/wiki/Arjen_Robben,Netherlands,Brazil,Aanvaller,Right winger,True,2,2,0.21333333333333335,1.65,2.12,0.820864,48,39.401472,2,37.4313984,2,core_expected_points,0,0.0
FIFA World Cup 2014,Match for third place,Memphis Depay,https://en.wikipedia.org/wiki/Memphis_Depay,Netherlands,Brazil,Aanvaller,Forward,True,2,2,0.21333333333333335,1.65,2.12,0.820864,48,39.401472,3,37.4313984,3,core_expected_points,0,0.0
FIFA World Cup 2014,Match for third place,Stefan de Vrij,https://en.wikipedia.org/wiki/Stefan_de_Vrij,Netherlands,Brazil,Keeper / Verdediger,Centre-back,True,1,1,0.09500000000000001,0.8870108043217286,2.12,0.1786439759903962,192,34.29964339015607,5,48.0195007462185,4,differential_upside,0,0.0
FIFA World Cup 2014,Final,Thomas Müller,https://en.wikipedia.org/wiki/Thomas_M%C3%BCller,Germany,Argentina,Aanvaller,Forward attacking midfielder,True,2,2,0.28444444444444444,1.65,1.77,0.9137919999999999,48,43.862016,1,41.668915199999994,1,core_expected_points,0,0.0
FIFA World Cup 2014,Final,Mats Hummels,https://en.wikipedia.org/wiki/Mats_Hummels,Germany,Argentina,Keeper / Verdediger,Centre-back,True,1,1,0.12666666666666668,0.8870108043217286,1.77,0.19886782232893158,192,38.182621887154866,2,53.45567064201681,2,core_expected_points,0,0.0
FIFA World Cup 2014,Final,Marcos Rojo,https://en.wikipedia.org/wiki/Marcos_Rojo,Argentina,Germany,Keeper / Verdediger,Defender,True,1,1,0.14250000000000002,0.8870108043217286,1.387,0.1753154679471789,192,33.66056984585835,3,47.12479778420168,3,core_expected_points,0,0.0
FIFA World Cup 2014,Final,Lionel Messi,https://en.wikipedia.org/wiki/Lionel_Messi,Argentina,Germany,Aanvaller,Forward,True,3,3,0.445,0.6666666666666667,1.387,0.4937720000000001,48,23.701056000000005,4,22.516003200000004,4,core_expected_points,0,0.0
FIFA World Cup 2018,Round of 16,Andreas Granqvist,https://en.wikipedia.org/wiki/Andreas_Granqvist,Sweden,Switzerland,Keeper / Verdediger,Centre-back,True,2,2,0.3057142857142857,1.65,1.554,0.8622702,96,82.77793919999999,1,115.88911487999998,1,core_expected_points,0,0.0
FIFA World Cup 2018,Round of 16,Yerry Mina,https://en.wikipedia.org/wiki/Yerry_Mina,Colombia,England,Keeper / Verdediger,Centre-back,True,2,2,0.3057142857142857,1.65,1.321,0.7329851571428572,96,70.36657508571429,2,98.51320512,2,core_expected_points,1,96.0
FIFA World Cup 2018,Round of 16,Philippe Coutinho,https://en.wikipedia.org/wiki/Philippe_Coutinho,Brazil,Mexico,Middenvelder,Attacking midfielder,True,2,2,0.33428571428571424,1.65,1.654,1.003529057142857,48,48.169394742857136,3,55.3948039542857,3,core_expected_points,0,0.0
FIFA World Cup 2018,Round of 16,Luka Modrić,https://en.wikipedia.org/wiki/Luka_Modri%C4%87,Croatia,Denmark,Middenvelder,Central midfielder,True,2,2,0.26,1.65,1.654,0.7805226,48,37.4650848,4,43.08484752,4,core_expected_points,0,0.0
FIFA World Cup 2018,Quarter-finals,Andreas Granqvist,https://en.wikipedia.org/wiki/Andreas_Granqvist,Sweden,England,Keeper / Verdediger,Centre-back,True,2,2,0.3057142857142857,1.65,1.321,0.7329851571428572,128,93.82210011428572,1,131.35094016,1,core_expected_points,0,0.0
FIFA World Cup 2018,Quarter-finals,Luka Modrić,https://en.wikipedia.org/wiki/Luka_Modri%C4%87,Croatia,Russia,Middenvelder,Central midfielder,True,2,2,0.26,1.65,1.854,0.8749026000000001,64,55.993766400000005,2,64.39283136,2,core_expected_points,0,0.0
FIFA World Cup 2018,Quarter-finals,Philippe Coutinho,https://en.wikipedia.org/wiki/Philippe_Coutinho,Brazil,Belgium,Middenvelder,Attacking midfielder,True,2,2,0.33428571428571424,1.65,1.188,0.7207935428571428,64,46.13078674285714,3,53.05040475428571,3,core_expected_points,0,0.0
FIFA World Cup 2018,Quarter-finals,Ludwig Augustinsson,https://en.wikipedia.org/wiki/Ludwig_Augustinsson,Sweden,England,Keeper / Verdediger,Left-back,True,1,1,0.16285714285714287,0.8755196869650284,1.321,0.1883543024840164,128,24.1093507179541,7,33.75309100513574,4,differential_upside,0,0.0
FIFA World Cup 2018,Semi-finals,Luka Modrić,https://en.wikipedia.org/wiki/Luka_Modri%C4%87,Croatia,England,Middenvelder,Central midfielder,True,2,2,0.26,1.65,1.721,0.8121399,80,64.971192,1,74.7168708,1,core_expected_points,0,0.0
FIFA World Cup 2018,Semi-finals,Romelu Lukaku,https://en.wikipedia.org/wiki/Romelu_Lukaku,Belgium,France,Aanvaller,Striker,True,2,2,0.23272727272727273,1.65,1.954,0.8253695999999999,40,33.014784,2,31.3640448,2,core_expected_points,0,0.0
FIFA World Cup 2018,Semi-finals,Harry Kane,https://en.wikipedia.org/wiki/Harry_Kane,England,Croatia,Aanvaller,Striker,True,2,2,0.256,1.65,1.604,0.7452825600000001,40,29.811302400000006,3,28.320737280000003,3,core_expected_points,0,0.0
FIFA World Cup 2018,Semi-finals,John Stones,https://en.wikipedia.org/wiki/John_Stones,England,Croatia,Keeper / Verdediger,Centre-back defensive midfielder [ 2 ],True,1,1,0.11400000000000002,0.8755196869650284,1.604,0.16009402787967728,160,25.615044460748365,4,35.861062245047705,4,core_expected_points,0,0.0
FIFA World Cup 2018,Final,Luka Modrić,https://en.wikipedia.org/wiki/Luka_Modri%C4%87,Croatia,France,Middenvelder,Central midfielder,True,2,2,0.26,1.65,1.621,0.7649499,96,73.4351904,1,84.45046896,1,core_expected_points,0,0.0
FIFA World Cup 2018,Final,Ivan Rakitić,https://en.wikipedia.org/wiki/Ivan_Rakiti%C4%87,Croatia,France,Middenvelder,Midfielder,True,1,1,0.1488888888888889,0.8755196869650284,1.621,0.21130570364935744,96,20.285347550338315,2,23.32814968288906,2,core_expected_points,0,0.0
FIFA World Cup 2018,Final,Milan Badelj,https://en.wikipedia.org/wiki/Milan_Badelj,Croatia,France,Middenvelder,Defensive midfielder,True,1,1,0.1488888888888889,0.8755196869650284,1.621,0.21130570364935744,96,20.285347550338315,3,23.32814968288906,3,core_expected_points,0,0.0
FIFA World Cup 2018,Final,Ante Rebić,https://en.wikipedia.org/wiki/Ante_Rebi%C4%87,Croatia,France,Aanvaller,Left winger,True,1,1,0.17333333333333334,0.8755196869650284,1.621,0.2459976848455206,48,11.80788887258499,4,11.217494428955739,4,core_expected_points,0,0.0
FIFA World Cup 2022,Round of 16,Cody Gakpo,https://en.wikipedia.org/wiki/Cody_Gakpo,Netherlands,United States,Aanvaller,Left winger forward [ 2 ],True,3,3,0.5085714285714286,1.3659574468085105,1.282,1.0687063732522795,24,25.648952958054707,1,24.36650531015197,1,core_expected_points,0,0.0
FIFA World Cup 2022,Round of 16,Álvaro Morata,https://en.wikipedia.org/wiki/%C3%81lvaro_Morata,Spain,Morocco,Aanvaller,Forward,True,3,3,0.32363636363636367,1.3659574468085105,1.882,0.9983787945841391,24,23.96109107001934,2,22.763036516518373,2,core_expected_points,0,0.0
FIFA World Cup 2022,Round of 16,Lionel Messi,https://en.wikipedia.org/wiki/Lionel_Messi,Argentina,Australia,Aanvaller,Forward,True,2,2,0.3657142857142857,1.4184397163120568,1.615,0.9215481256332321,24,22.117155015197568,3,21.01129726443769,3,core_expected_points,1,24.0
FIFA World Cup 2022,Round of 16,Romain Saïss,https://en.wikipedia.org/wiki/Romain_Sa%C3%AFss,Morocco,Spain,Keeper / Verdediger,Centre-back defensive midfielder,True,1,1,0.19000000000000003,0.9077681997109971,1.132,0.19524278439384127,96,18.743307301808763,6,26.240630222532268,4,differential_upside,0,0.0
FIFA World Cup 2022,Quarter-finals,Cody Gakpo,https://en.wikipedia.org/wiki/Cody_Gakpo,Netherlands,Argentina,Aanvaller,Left winger forward [ 2 ],True,3,3,0.5085714285714286,1.3659574468085105,1.315,1.0962159756838903,32,35.07891122188449,1,33.32496566079026,1,core_expected_points,0,0.0
FIFA World Cup 2022,Quarter-finals,Romain Saïss,https://en.wikipedia.org/wiki/Romain_Sa%C3%AFss,Morocco,Portugal,Keeper / Verdediger,Centre-back defensive midfielder,True,1,1,0.19000000000000003,0.9077681997109971,1.365,0.23542968259504712,128,30.134999372166032,2,42.188999121032445,2,core_expected_points,0,0.0
FIFA World Cup 2022,Quarter-finals,Marcus Rashford,https://en.wikipedia.org/wiki/Marcus_Rashford,England,France,Aanvaller,Forward,True,2,2,0.23272727272727273,1.4184397163120568,2.115,0.7680000000000002,32,24.576000000000008,3,23.347200000000004,3,core_expected_points,0,0.0
FIFA World Cup 2022,Quarter-finals,Lionel Messi,https://en.wikipedia.org/wiki/Lionel_Messi,Argentina,Netherlands,Aanvaller,Forward,True,2,2,0.3657142857142857,1.4184397163120568,1.149,0.6556401215805472,32,20.98048389057751,4,19.931459696048634,4,core_expected_points,1,32.0
FIFA World Cup 2022,Semi-finals,Romain Saïss,https://en.wikipedia.org/wiki/Romain_Sa%C3%AFss,Morocco,France,Keeper / Verdediger,Centre-back defensive midfielder,True,1,1,0.19000000000000003,0.9077681997109971,1.232,0.21249038018835023,160,33.99846083013604,1,47.59784516219045,1,core_expected_points,0,0.0
FIFA World Cup 2022,Semi-finals,Lionel Messi,https://en.wikipedia.org/wiki/Lionel_Messi,Argentina,Croatia,Aanvaller,Forward,True,2,2,0.3657142857142857,1.4184397163120568,1.182,0.6744705167173252,40,26.978820668693007,2,25.629879635258355,2,core_expected_points,1,40.0
FIFA World Cup 2022,Semi-finals,Kylian Mbappé,https://en.wikipedia.org/wiki/Kylian_Mbapp%C3%A9,France,Morocco,Aanvaller,Forward,True,2,2,0.32,1.4184397163120568,1.332,0.6650553191489362,40,26.60221276595745,3,25.272102127659576,3,core_expected_points,0,0.0
FIFA World Cup 2022,Semi-finals,Lovro Majer,https://en.wikipedia.org/wiki/Lovro_Majer,Croatia,Argentina,Middenvelder,Attacking midfielder,True,1,1,0.22333333333333336,0.9077681997109971,1.132,0.22949590446293622,80,18.359672357034896,4,21.113623210590127,4,core_expected_points,0,0.0
FIFA World Cup 2022,Match for third place,Romain Saïss,https://en.wikipedia.org/wiki/Romain_Sa%C3%AFss,Morocco,Croatia,Keeper / Verdediger,Centre-back defensive midfielder,True,1,1,0.19000000000000003,0.9077681997109971,1.032,0.17799518859933233,192,34.17507621107181,1,47.84510669550053,1,core_expected_points,0,0.0
FIFA World Cup 2022,Match for third place,Lovro Majer,https://en.wikipedia.org/wiki/Lovro_Majer,Croatia,Morocco,Middenvelder,Attacking midfielder,True,1,1,0.22333333333333336,0.9077681997109971,1.032,0.20922241466939062,96,20.0853518082615,2,23.098154579500722,2,core_expected_points,0,0.0
FIFA World Cup 2022,Match for third place,Andrej Kramarić,https://en.wikipedia.org/wiki/Andrej_Kramari%C4%87,Croatia,Morocco,Aanvaller,Forward attacking midfielder,True,1,1,0.26,0.9077681997109971,1.032,0.24357236334645474,48,11.691473440629828,3,11.106899768598335,3,core_expected_points,0,0.0
FIFA World Cup 2022,Match for third place,Hakim Ziyech,https://en.wikipedia.org/wiki/Hakim_Ziyech,Morocco,Croatia,Aanvaller,Right winger attacking midfielder,True,1,1,0.26,0.9077681997109971,1.032,0.24357236334645474,48,11.691473440629828,4,11.106899768598335,4,core_expected_points,0,0.0
FIFA World Cup 2022,Final,Lionel Messi,https://en.wikipedia.org/wiki/Lionel_Messi,Argentina,France,Aanvaller,Forward,True,2,2,0.3657142857142857,1.4184397163120568,1.382,0.7885941236068895,48,37.8525179331307,1,35.95989203647416,1,core_expected_points,1,48.0
FIFA World Cup 2022,Final,Kylian Mbappé,https://en.wikipedia.org/wiki/Kylian_Mbapp%C3%A9,France,Argentina,Aanvaller,Forward,True,2,2,0.32,1.4184397163120568,1.432,0.7149843971631206,48,34.31925106382979,2,32.6032885106383,2,core_expected_points,1,48.0
FIFA World Cup 2022,Final,Alexis Mac Allister,https://en.wikipedia.org/wiki/Alexis_Mac_Allister,Argentina,France,Middenvelder,Midfielder [ 2 ],True,1,1,0.19142857142857145,0.9077681997109971,1.382,0.24015396766868594,96,23.05478089619385,3,26.512998030622928,3,core_expected_points,0,0.0
FIFA World Cup 2022,Final,Enzo Fernández,https://en.wikipedia.org/wiki/Enzo_Fern%C3%A1ndez,Argentina,France,Middenvelder,Midfielder,True,1,1,0.19142857142857145,0.9077681997109971,1.382,0.24015396766868594,96,23.05478089619385,4,26.512998030622928,4,core_expected_points,0,0.0
UEFA Euro 2012,Quarter-finals,Cesc Fàbregas,https://en.wikipedia.org/wiki/Cesc_F%C3%A0bregas,Spain,France,Middenvelder,Central midfielder,True,2,2,0.2925,1.65,1.713,0.9094102875000001,64,58.202258400000005,1,66.93259716,1,core_expected_points,0,0.0
UEFA Euro 2012,Quarter-finals,Petr Jiráček,https://en.wikipedia.org/wiki/Petr_Jir%C3%A1%C4%8Dek,Czech Republic,Portugal,Middenvelder,Midfielder,True,2,2,0.38999999999999996,1.65,1.279,0.9053401499999999,64,57.94176959999999,2,66.63303503999998,2,core_expected_points,0,0.0
UEFA Euro 2012,Quarter-finals,Mario Gómez,https://en.wikipedia.org/wiki/Mario_G%C3%B3mez,Germany,Greece,Aanvaller,Striker,True,2,2,0.3657142857142857,1.65,1.496,0.9930020571428572,32,31.77606582857143,3,30.187262537142857,3,core_expected_points,0,0.0
UEFA Euro 2012,Quarter-finals,Pepe,"https://en.wikipedia.org/wiki/Pepe_(footballer,_born_February_1983)",Portugal,Czech Republic,Keeper / Verdediger,Centre-back Defensive-midfielder,True,1,1,0.16285714285714287,0.8608837970540097,1.663,0.2331543885901333,128,29.84376173953706,5,41.78126643535188,4,differential_upside,0,0.0
UEFA Euro 2012,Semi-finals,Cesc Fàbregas,https://en.wikipedia.org/wiki/Cesc_F%C3%A0bregas,Spain,Portugal,Middenvelder,Central midfielder,True,2,2,0.2925,1.65,1.779,0.9444488624999999,80,75.555909,1,86.88929535,1,core_expected_points,0,0.0
UEFA Euro 2012,Semi-finals,Mario Gómez,https://en.wikipedia.org/wiki/Mario_G%C3%B3mez,Germany,Italy,Aanvaller,Striker,True,2,2,0.3657142857142857,1.65,1.329,0.8821522285714286,40,35.28608914285714,2,33.52178468571429,2,core_expected_points,0,0.0
UEFA Euro 2012,Semi-finals,Jesús Navas,https://en.wikipedia.org/wiki/Jes%C3%BAs_Navas,Spain,Portugal,Keeper / Verdediger,Right-back right winger,True,1,1,0.14250000000000002,0.8608837970540097,1.779,0.21824049918166938,160,34.9184798690671,3,48.885871816693935,3,core_expected_points,0,0.0
UEFA Euro 2012,Semi-finals,Lars Bender,https://en.wikipedia.org/wiki/Lars_Bender,Germany,Italy,Keeper / Verdediger,Right-back defensive midfielder,True,1,1,0.16285714285714287,0.8608837970540097,1.329,0.18632722936637827,160,29.812356698620523,4,41.73729937806873,4,core_expected_points,0,0.0
UEFA Euro 2012,Final,Cesc Fàbregas,https://en.wikipedia.org/wiki/Cesc_F%C3%A0bregas,Spain,Italy,Middenvelder,Central midfielder,True,2,2,0.2925,1.65,1.546,0.8207520749999999,96,78.7921992,1,90.61102908,1,core_expected_points,0,0.0
UEFA Euro 2012,Final,Jesús Navas,https://en.wikipedia.org/wiki/Jes%C3%BAs_Navas,Spain,Italy,Keeper / Verdediger,Right-back right winger,True,1,1,0.14250000000000002,0.8608837970540097,1.546,0.18965700490998363,192,36.41414494271686,2,50.9798029198036,2,core_expected_points,0,0.0
UEFA Euro 2012,Final,David Silva,https://en.wikipedia.org/wiki/David_Silva,Spain,Italy,Middenvelder,Midfielder,True,1,1,0.1675,0.8608837970540097,1.546,0.22293016366612114,96,21.40129571194763,3,24.611490068739773,3,core_expected_points,1,96.0
UEFA Euro 2012,Final,Andrea Pirlo,https://en.wikipedia.org/wiki/Andrea_Pirlo,Italy,Spain,Middenvelder,Midfielder,True,1,1,0.22333333333333336,0.8608837970540097,0.946,0.1818817894162575,96,17.46065178396072,4,20.079749551554826,4,core_expected_points,0,0.0
UEFA Euro 2016,Round of 16,Dimitri Payet,https://en.wikipedia.org/wiki/Dimitri_Payet,France,Republic of Ireland,Middenvelder,Attacking midfielder,True,2,2,0.38999999999999996,1.65,1.512,1.0702692,48,51.3729216,1,59.07885983999999,1,core_expected_points,0,0.0
UEFA Euro 2016,Round of 16,Gareth Bale,https://en.wikipedia.org/wiki/Gareth_Bale,Wales,Northern Ireland,Aanvaller,Right winger forward,True,3,3,0.445,1.319736842105263,1.545,1.088822486842105,24,26.131739684210523,2,24.825152699999997,2,core_expected_points,0,0.0
UEFA Euro 2016,Round of 16,Ivan Perišić,https://en.wikipedia.org/wiki/Ivan_Peri%C5%A1i%C4%87,Croatia,Portugal,Aanvaller,Left winger,True,2,2,0.3657142857142857,1.65,1.562,1.0368109714285716,24,24.88346331428572,3,23.639290148571433,3,core_expected_points,0,0.0
UEFA Euro 2016,Round of 16,Shkodran Mustafi,https://en.wikipedia.org/wiki/Shkodran_Mustafi,Germany,Slovakia,Keeper / Verdediger,Centre-back,True,1,1,0.22800000000000004,0.862927054478301,1.195,0.23511310526315793,96,22.570858105263163,4,31.599201347368425,4,core_expected_points,0,0.0
UEFA Euro 2016,Quarter-finals,Dimitri Payet,https://en.wikipedia.org/wiki/Dimitri_Payet,France,Iceland,Middenvelder,Attacking midfielder,True,2,2,0.38999999999999996,1.65,1.312,0.9286991999999998,64,59.43674879999999,1,68.35226111999998,1,core_expected_points,1,64.0
UEFA Euro 2016,Quarter-finals,Gareth Bale,https://en.wikipedia.org/wiki/Gareth_Bale,Wales,Belgium,Aanvaller,Right winger forward,True,3,3,0.445,1.319736842105263,1.478,1.041604942105263,32,33.33135814736842,2,31.66479024,2,core_expected_points,0,0.0
UEFA Euro 2016,Quarter-finals,Axel Witsel,https://en.wikipedia.org/wiki/Axel_Witsel,Belgium,Wales,Keeper / Verdediger,Defensive midfielder centre-back,True,1,1,0.19000000000000003,0.862927054478301,1.212,0.1987148421052632,128,25.43549978947369,3,35.60969970526316,3,core_expected_points,0,0.0
UEFA Euro 2016,Quarter-finals,Shkodran Mustafi,https://en.wikipedia.org/wiki/Shkodran_Mustafi,Germany,Italy,Keeper / Verdediger,Centre-back,True,1,1,0.22800000000000004,0.862927054478301,0.928,0.18258155789473687,128,23.37043941052632,4,32.71861517473685,4,core_expected_points,0,0.0
UEFA Euro 2016,Semi-finals,Dimitri Payet,https://en.wikipedia.org/wiki/Dimitri_Payet,France,Germany,Middenvelder,Attacking midfielder,True,2,2,0.38999999999999996,1.65,0.945,0.6689182499999999,80,53.513459999999995,1,61.54047899999999,1,core_expected_points,0,0.0
UEFA Euro 2016,Semi-finals,Gareth Bale,https://en.wikipedia.org/wiki/Gareth_Bale,Wales,Portugal,Aanvaller,Right winger forward,True,3,3,0.445,1.319736842105263,1.745,1.2297703815789474,40,49.190815263157894,2,46.7312745,2,core_expected_points,0,0.0
UEFA Euro 2016,Semi-finals,Nani,https://en.wikipedia.org/wiki/Nani_(footballer),Portugal,Wales,Aanvaller,Winger,True,2,2,0.4266666666666667,1.65,1.145,0.8866880000000001,40,35.46752000000001,3,33.69414400000001,3,core_expected_points,1,40.0
UEFA Euro 2016,Semi-finals,Neil Taylor,https://en.wikipedia.org/wiki/Neil_Taylor_(footballer),Wales,Portugal,Keeper / Verdediger,Left-back [ 4 ] left wing-back,True,1,1,0.14250000000000002,0.862927054478301,1.745,0.21457759868421056,160,34.332415789473686,4,48.065382105263154,4,core_expected_points,0,0.0
UEFA Euro 2016,Final,Dimitri Payet,https://en.wikipedia.org/wiki/Dimitri_Payet,France,Portugal,Middenvelder,Attacking midfielder,True,2,2,0.38999999999999996,1.65,1.445,1.02284325,96,98.19295199999999,1,112.92189479999998,1,core_expected_points,0,0.0
UEFA Euro 2016,Final,Nani,https://en.wikipedia.org/wiki/Nani_(footballer),Portugal,France,Aanvaller,Winger,True,2,2,0.4266666666666667,1.65,0.945,0.731808,48,35.126784,2,33.3704448,2,core_expected_points,0,0.0
UEFA Euro 2016,Final,Antoine Griezmann,https://en.wikipedia.org/wiki/Antoine_Griezmann,France,Portugal,Aanvaller,Forward attacking midfielder,True,1,1,0.26,0.862927054478301,1.445,0.3242016943674977,48,15.561681329639889,3,14.783597263157894,3,core_expected_points,0,0.0
UEFA Euro 2016,Final,Olivier Giroud,https://en.wikipedia.org/wiki/Olivier_Giroud,France,Portugal,Aanvaller,Striker,True,1,1,0.26,0.862927054478301,1.445,0.3242016943674977,48,15.561681329639889,4,14.783597263157894,4,core_expected_points,0,0.0
UEFA Euro 2020,Round of 16,Denzel Dumfries,https://en.wikipedia.org/wiki/Denzel_Dumfries,Netherlands,Czech Republic,Keeper / Verdediger,Right-back right wing-back,True,2,2,0.21400000000000002,1.65,1.9,0.737979,96,70.845984,1,99.18437759999999,1,core_expected_points,0,0.0
UEFA Euro 2020,Round of 16,Georginio Wijnaldum,https://en.wikipedia.org/wiki/Georginio_Wijnaldum,Netherlands,Czech Republic,Middenvelder,Midfielder,True,2,2,0.23399999999999999,1.65,1.9,0.8069489999999999,48,38.733551999999996,2,44.54358479999999,2,core_expected_points,0,0.0
UEFA Euro 2020,Round of 16,Raheem Sterling,https://en.wikipedia.org/wiki/Raheem_Sterling,England,Germany,Aanvaller,Winger [ 1 ],True,2,2,0.64,1.65,1.167,1.3555872,24,32.534092799999996,3,30.907388159999996,3,core_expected_points,1,24.0
UEFA Euro 2020,Round of 16,Thomas Meunier,https://en.wikipedia.org/wiki/Thomas_Meunier,Belgium,Portugal,Keeper / Verdediger,Right-back,True,1,1,0.12666666666666668,0.874186550976139,2.15,0.23807013738250188,96,22.854733188720182,7,31.99662646420825,4,differential_upside,0,0.0
UEFA Euro 2020,Quarter-finals,Raheem Sterling,https://en.wikipedia.org/wiki/Raheem_Sterling,England,Ukraine,Aanvaller,Winger [ 1 ],True,2,2,0.64,1.65,1.234,1.4334144000000002,32,45.869260800000006,1,43.57579776000001,1,core_expected_points,0,0.0
UEFA Euro 2020,Quarter-finals,Patrik Schick,https://en.wikipedia.org/wiki/Patrik_Schick,Czech Republic,Denmark,Aanvaller,Striker,True,2,2,0.512,1.65,1.184,1.10026752,32,35.20856064,2,33.448132608,2,core_expected_points,1,32.0
UEFA Euro 2020,Quarter-finals,Aymeric Laporte,https://en.wikipedia.org/wiki/Aymeric_Laporte,Spain,Switzerland,Keeper / Verdediger,Centre-back,True,1,1,0.14250000000000002,0.874186550976139,1.934,0.24092144251626904,128,30.837944642082437,3,43.17312249891541,3,core_expected_points,0,0.0
UEFA Euro 2020,Quarter-finals,Joakim Mæhle,https://en.wikipedia.org/wiki/Joakim_M%C3%A6hle,Denmark,Czech Republic,Keeper / Verdediger,Full-back,True,1,1,0.16285714285714287,0.874186550976139,1.284,0.18279990083669048,128,23.39838730709638,7,32.757742229934934,4,differential_upside,0,0.0
UEFA Euro 2020,Semi-finals,Raheem Sterling,https://en.wikipedia.org/wiki/Raheem_Sterling,England,Denmark,Aanvaller,Winger [ 1 ],True,2,2,0.64,1.65,1.067,1.2394271999999997,40,49.57708799999999,1,47.098233599999986,1,core_expected_points,0,0.0
UEFA Euro 2020,Semi-finals,Ciro Immobile,https://en.wikipedia.org/wiki/Ciro_Immobile,Italy,Spain,Aanvaller,Striker,True,2,2,0.28444444444444444,1.65,1.55,0.8002133333333333,40,32.00853333333333,2,30.408106666666665,2,core_expected_points,0,0.0
UEFA Euro 2020,Semi-finals,Yussuf Poulsen,https://en.wikipedia.org/wiki/Yussuf_Poulsen,Denmark,England,Aanvaller,Forward,True,2,2,0.3657142857142857,1.65,1.05,0.69696,40,27.8784,3,26.484479999999998,3,core_expected_points,0,0.0
UEFA Euro 2020,Semi-finals,Andreas Christensen,https://en.wikipedia.org/wiki/Andreas_Christensen,Denmark,England,Keeper / Verdediger,Centre-back,True,1,1,0.16285714285714287,0.874186550976139,1.05,0.14948590021691976,160,23.917744034707162,4,33.48484164859003,4,core_expected_points,0,0.0
UEFA Euro 2020,Final,Ciro Immobile,https://en.wikipedia.org/wiki/Ciro_Immobile,Italy,England,Aanvaller,Striker,True,2,2,0.28444444444444444,1.65,1.55,0.8002133333333333,48,38.41024,1,36.489728,1,core_expected_points,0,0.0
UEFA Euro 2020,Final,Raheem Sterling,https://en.wikipedia.org/wiki/Raheem_Sterling,England,Italy,Aanvaller,Winger [ 1 ],True,2,2,0.64,1.65,0.467,0.5424672,48,26.038425600000004,2,24.73650432,2,core_expected_points,0,0.0
UEFA Euro 2020,Final,Manuel Locatelli,https://en.wikipedia.org/wiki/Manuel_Locatelli,Italy,England,Middenvelder,Defensive midfielder,True,1,1,0.1488888888888889,0.874186550976139,1.55,0.20174282959749343,96,19.36731164135937,3,22.27240838756327,3,core_expected_points,0,0.0
UEFA Euro 2020,Final,Matteo Pessina,https://en.wikipedia.org/wiki/Matteo_Pessina,Italy,England,Middenvelder,Midfielder,True,1,1,0.1488888888888889,0.874186550976139,1.55,0.20174282959749343,96,19.36731164135937,4,22.27240838756327,4,core_expected_points,0,0.0
UEFA Euro 2024,Round of 16,Răzvan Marin,https://en.wikipedia.org/wiki/R%C4%83zvan_Marin,Romania,Netherlands,Middenvelder,Midfielder,True,2,2,0.38999999999999996,1.5411494252873563,1.382,0.9137135889655171,48,43.85825227034482,1,50.43699011089654,1,core_expected_points,0,0.0
UEFA Euro 2024,Round of 16,Jamal Musiala,https://en.wikipedia.org/wiki/Jamal_Musiala,Germany,Denmark,Middenvelder,Attacking midfielder,True,2,2,0.23399999999999999,1.5411494252873563,1.949,0.7731524391724138,48,37.11131708027587,2,42.678014642317244,2,core_expected_points,1,48.0
UEFA Euro 2024,Round of 16,Dani Carvajal,https://en.wikipedia.org/wiki/Dani_Carvajal,Spain,Georgia,Keeper / Verdediger,Right-back,True,1,1,0.16285714285714287,0.8841891891891892,1.665,0.2397542142857143,96,23.016404571428573,3,32.222966400000004,3,core_expected_points,0,0.0
UEFA Euro 2024,Round of 16,Gernot Trauner,https://en.wikipedia.org/wiki/Gernot_Trauner,Austria,Turkey,Keeper / Verdediger,Centre back,True,1,1,0.14250000000000002,0.8841891891891892,1.815,0.22868448141891895,96,21.95371021621622,4,30.735194302702705,4,core_expected_points,0,0.0
UEFA Euro 2024,Quarter-finals,Jamal Musiala,https://en.wikipedia.org/wiki/Jamal_Musiala,Germany,Spain,Middenvelder,Attacking midfielder,True,2,2,0.23399999999999999,1.5411494252873563,1.582,0.6275665257931035,64,40.16425765075862,1,46.18889629837241,1,core_expected_points,0,0.0
UEFA Euro 2024,Quarter-finals,Cody Gakpo,https://en.wikipedia.org/wiki/Cody_Gakpo,Netherlands,Turkey,Aanvaller,Left winger forward [ 2 ],True,2,2,0.4266666666666667,1.5411494252873563,1.449,1.0480802427586209,32,33.53856776827587,2,31.861639379862073,2,core_expected_points,0,0.0
UEFA Euro 2024,Quarter-finals,Mert Müldür,https://en.wikipedia.org/wiki/Mert_M%C3%BCld%C3%BCr,Turkey,Netherlands,Keeper / Verdediger,Full-back centre-back,True,1,1,0.16285714285714287,0.8841891891891892,1.499,0.21585079111969116,128,27.62890126332047,3,38.680461768648655,3,core_expected_points,0,0.0
UEFA Euro 2024,Quarter-finals,Dani Carvajal,https://en.wikipedia.org/wiki/Dani_Carvajal,Spain,Germany,Keeper / Verdediger,Right-back,True,1,1,0.16285714285714287,0.8841891891891892,1.265,0.18215560424710425,128,23.315917343629344,4,32.64228428108108,4,core_expected_points,0,0.0
UEFA Euro 2024,Semi-finals,Dani Carvajal,https://en.wikipedia.org/wiki/Dani_Carvajal,Spain,France,Keeper / Verdediger,Right-back,True,1,1,0.16285714285714287,0.8841891891891892,1.332,0.19180337142857146,160,30.68853942857143,1,42.9639552,1,core_expected_points,0,0.0
UEFA Euro 2024,Semi-finals,Cody Gakpo,https://en.wikipedia.org/wiki/Cody_Gakpo,Netherlands,England,Aanvaller,Left winger forward [ 2 ],True,2,2,0.4266666666666667,1.5411494252873563,1.015,0.734162488888889,40,29.36649955555556,2,27.89817457777778,2,core_expected_points,0,0.0
UEFA Euro 2024,Semi-finals,Jude Bellingham,https://en.wikipedia.org/wiki/Jude_Bellingham,England,Netherlands,Middenvelder,Midfielder [ 2 ],True,1,1,0.335,0.8841891891891892,1.082,0.3204920554054055,80,25.639364432432437,3,29.4852690972973,3,core_expected_points,0,0.0
UEFA Euro 2024,Semi-finals,Fabián Ruiz,https://en.wikipedia.org/wiki/Fabi%C3%A1n_Ruiz,Spain,France,Middenvelder,Central midfielder,True,1,1,0.19142857142857145,0.8841891891891892,1.332,0.22545308571428574,80,18.03624685714286,4,20.741683885714288,4,core_expected_points,0,0.0
UEFA Euro 2024,Final,Dani Carvajal,https://en.wikipedia.org/wiki/Dani_Carvajal,Spain,England,Keeper / Verdediger,Right-back,True,1,1,0.16285714285714287,0.8841891891891892,1.332,0.19180337142857146,192,36.82624731428572,1,51.55674624000001,1,core_expected_points,0,0.0
UEFA Euro 2024,Final,Fabián Ruiz,https://en.wikipedia.org/wiki/Fabi%C3%A1n_Ruiz,Spain,England,Middenvelder,Central midfielder,True,1,1,0.19142857142857145,0.8841891891891892,1.332,0.22545308571428574,96,21.64349622857143,2,24.890020662857143,2,core_expected_points,0,0.0
UEFA Euro 2024,Final,Jude Bellingham,https://en.wikipedia.org/wiki/Jude_Bellingham,England,Spain,Middenvelder,Midfielder [ 2 ],True,1,1,0.335,0.8841891891891892,0.515,0.1525447398648649,96,14.64429502702703,3,16.84093928108108,3,core_expected_points,0,0.0
UEFA Euro 2024,Final,Ferran Torres,https://en.wikipedia.org/wiki/Ferran_Torres,Spain,England,Aanvaller,Forward winger,True,1,1,0.22285714285714286,0.8841891891891892,1.332,0.2624677714285715,48,12.59845302857143,4,11.968530377142859,4,core_expected_points,0,0.0
